Copyright 1986-2022 Xilinx, Inc. All Rights Reserved.
---------------------------------------------------------------------------------------------------------------------------------------------------------------------------------------------------------------------------------------
| Tool Version : Vivado v.2022.2 (lin64) Build 3671981 Fri Oct 14 04:59:54 MDT 2022
| Date         : Sat Feb 21 22:34:54 2026
| Host         : vivado22 running 64-bit Ubuntu 22.04.2 LTS
| Command      : report_timing_summary -max_paths 10 -report_unconstrained -file adder_toplevel_timing_summary_routed.rpt -pb adder_toplevel_timing_summary_routed.pb -rpx adder_toplevel_timing_summary_routed.rpx -warn_on_violation
| Design       : adder_toplevel
| Device       : 7s50-csga324
| Speed File   : -1  PRODUCTION 1.23 2018-06-13
---------------------------------------------------------------------------------------------------------------------------------------------------------------------------------------------------------------------------------------

Timing Summary Report

------------------------------------------------------------------------------------------------
| Timer Settings
| --------------
------------------------------------------------------------------------------------------------

  Enable Multi Corner Analysis               :  Yes
  Enable Pessimism Removal                   :  Yes
  Pessimism Removal Resolution               :  Nearest Common Node
  Enable Input Delay Default Clock           :  No
  Enable Preset / Clear Arcs                 :  No
  Disable Flight Delays                      :  No
  Ignore I/O Paths                           :  No
  Timing Early Launch at Borrowing Latches   :  No
  Borrow Time for Max Delay Exceptions       :  Yes
  Merge Timing Exceptions                    :  Yes

  Corner  Analyze    Analyze    
  Name    Max Paths  Min Paths  
  ------  ---------  ---------  
  Slow    Yes        Yes        
  Fast    Yes        Yes        


------------------------------------------------------------------------------------------------
| Report Methodology
| ------------------
------------------------------------------------------------------------------------------------

Rule       Severity  Description                    Violations  
---------  --------  -----------------------------  ----------  
TIMING-18  Warning   Missing input or output delay  60          

Note: This report is based on the most recent report_methodology run and may not be up-to-date. Run report_methodology on the current design for the latest report.



check_timing report

Table of Contents
-----------------
1. checking no_clock (0)
2. checking constant_clock (0)
3. checking pulse_width_clock (0)
4. checking unconstrained_internal_endpoints (0)
5. checking no_input_delay (18)
6. checking no_output_delay (40)
7. checking multiple_clock (0)
8. checking generated_clocks (0)
9. checking loops (0)
10. checking partial_input_delay (0)
11. checking partial_output_delay (0)
12. checking latch_loops (0)

1. checking no_clock (0)
------------------------
 There are 0 register/latch pins with no clock.


2. checking constant_clock (0)
------------------------------
 There are 0 register/latch pins with constant_clock.


3. checking pulse_width_clock (0)
---------------------------------
 There are 0 register/latch pins which need pulse_width check


4. checking unconstrained_internal_endpoints (0)
------------------------------------------------
 There are 0 pins that are not constrained for maximum delay.

 There are 0 pins that are not constrained for maximum delay due to constant clock.


5. checking no_input_delay (18)
-------------------------------
 There are 18 input ports with no input delay specified. (HIGH)

 There are 0 input ports with no input delay but user has a false path constraint.


6. checking no_output_delay (40)
--------------------------------
 There are 40 ports with no output delay specified. (HIGH)

 There are 0 ports with no output delay but user has a false path constraint

 There are 0 ports with no output delay but with a timing clock defined on it or propagating through it


7. checking multiple_clock (0)
------------------------------
 There are 0 register/latch pins with multiple clocks.


8. checking generated_clocks (0)
--------------------------------
 There are 0 generated clocks that are not connected to a clock source.


9. checking loops (0)
---------------------
 There are 0 combinational loops in the design.


10. checking partial_input_delay (0)
------------------------------------
 There are 0 input ports with partial input delay specified.


11. checking partial_output_delay (0)
-------------------------------------
 There are 0 ports with partial output delay specified.


12. checking latch_loops (0)
----------------------------
 There are 0 combinational latch loops in the design through latch input



------------------------------------------------------------------------------------------------
| Design Timing Summary
| ---------------------
------------------------------------------------------------------------------------------------

    WNS(ns)      TNS(ns)  TNS Failing Endpoints  TNS Total Endpoints      WHS(ns)      THS(ns)  THS Failing Endpoints  THS Total Endpoints     WPWS(ns)     TPWS(ns)  TPWS Failing Endpoints  TPWS Total Endpoints  
    -------      -------  ---------------------  -------------------      -------      -------  ---------------------  -------------------     --------     --------  ----------------------  --------------------  
      3.272        0.000                      0                  190        0.165        0.000                      0                  190        4.500        0.000                       0                    92  


All user specified timing constraints are met.


------------------------------------------------------------------------------------------------
| Clock Summary
| -------------
------------------------------------------------------------------------------------------------

Clock  Waveform(ns)       Period(ns)      Frequency(MHz)
-----  ------------       ----------      --------------
clk    {0.000 5.000}      10.000          100.000         


------------------------------------------------------------------------------------------------
| Intra Clock Table
| -----------------
------------------------------------------------------------------------------------------------

Clock             WNS(ns)      TNS(ns)  TNS Failing Endpoints  TNS Total Endpoints      WHS(ns)      THS(ns)  THS Failing Endpoints  THS Total Endpoints     WPWS(ns)     TPWS(ns)  TPWS Failing Endpoints  TPWS Total Endpoints  
-----             -------      -------  ---------------------  -------------------      -------      -------  ---------------------  -------------------     --------     --------  ----------------------  --------------------  
clk                 3.272        0.000                      0                  190        0.165        0.000                      0                  190        4.500        0.000                       0                    92  


------------------------------------------------------------------------------------------------
| Inter Clock Table
| -----------------
------------------------------------------------------------------------------------------------

From Clock    To Clock          WNS(ns)      TNS(ns)  TNS Failing Endpoints  TNS Total Endpoints      WHS(ns)      THS(ns)  THS Failing Endpoints  THS Total Endpoints  
----------    --------          -------      -------  ---------------------  -------------------      -------      -------  ---------------------  -------------------  


------------------------------------------------------------------------------------------------
| Other Path Groups Table
| -----------------------
------------------------------------------------------------------------------------------------

Path Group    From Clock    To Clock          WNS(ns)      TNS(ns)  TNS Failing Endpoints  TNS Total Endpoints      WHS(ns)      THS(ns)  THS Failing Endpoints  THS Total Endpoints  
----------    ----------    --------          -------      -------  ---------------------  -------------------      -------      -------  ---------------------  -------------------  


------------------------------------------------------------------------------------------------
| User Ignored Path Table
| -----------------------
------------------------------------------------------------------------------------------------

Path Group    From Clock    To Clock    
----------    ----------    --------    


------------------------------------------------------------------------------------------------
| Unconstrained Path Table
| ------------------------
------------------------------------------------------------------------------------------------

Path Group    From Clock    To Clock    
----------    ----------    --------    
(none)        clk                         
(none)                      clk           


------------------------------------------------------------------------------------------------
| Timing Details
| --------------
------------------------------------------------------------------------------------------------


---------------------------------------------------------------------------------------------------
From Clock:  clk
  To Clock:  clk

Setup :            0  Failing Endpoints,  Worst Slack        3.272ns,  Total Violation        0.000ns
Hold  :            0  Failing Endpoints,  Worst Slack        0.165ns,  Total Violation        0.000ns
PW    :            0  Failing Endpoints,  Worst Slack        4.500ns,  Total Violation        0.000ns
---------------------------------------------------------------------------------------------------


Max Delay Paths
--------------------------------------------------------------------------------------
Slack (MET) :             3.272ns  (required time - arrival time)
  Source:                 sw_sync/data_q_reg[0]/C
                            (rising edge-triggered cell FDRE clocked by clk  {rise@0.000ns fall@5.000ns period=10.000ns})
  Destination:            reg_unit/data_q_reg[13]/D
                            (rising edge-triggered cell FDRE clocked by clk  {rise@0.000ns fall@5.000ns period=10.000ns})
  Path Group:             clk
  Path Type:              Setup (Max at Slow Process Corner)
  Requirement:            10.000ns  (clk rise@10.000ns - clk rise@0.000ns)
  Data Path Delay:        6.699ns  (logic 2.172ns (32.424%)  route 4.527ns (67.576%))
  Logic Levels:           7  (LUT3=1 LUT5=5 LUT6=1)
  Clock Path Skew:        -0.025ns (DCD - SCD + CPR)
    Destination Clock Delay (DCD):    4.844ns = ( 14.844 - 10.000 ) 
    Source Clock Delay      (SCD):    5.141ns
    Clock Pessimism Removal (CPR):    0.273ns
  Clock Uncertainty:      0.035ns  ((TSJ^2 + TIJ^2)^1/2 + DJ) / 2 + PE
    Total System Jitter     (TSJ):    0.071ns
    Total Input Jitter      (TIJ):    0.000ns
    Discrete Jitter          (DJ):    0.000ns
    Phase Error              (PE):    0.000ns

    Location             Delay type                Incr(ns)  Path(ns)    Netlist Resource(s)
  -------------------------------------------------------------------    -------------------
                         (clock clk rise edge)        0.000     0.000 r  
    N15                                               0.000     0.000 r  clk (IN)
                         net (fo=0)                   0.000     0.000    clk
    N15                  IBUF (Prop_ibuf_I_O)         1.440     1.440 r  clk_IBUF_inst/O
                         net (fo=1, routed)           1.972     3.412    clk_IBUF
    BUFGCTRL_X0Y0        BUFG (Prop_bufg_I_O)         0.096     3.508 r  clk_IBUF_BUFG_inst/O
                         net (fo=91, routed)          1.633     5.141    sw_sync/clk_IBUF_BUFG
    SLICE_X63Y14         FDRE                                         r  sw_sync/data_q_reg[0]/C
  -------------------------------------------------------------------    -------------------
    SLICE_X63Y14         FDRE (Prop_fdre_C_Q)         0.456     5.597 r  sw_sync/data_q_reg[0]/Q
                         net (fo=11, routed)          1.029     6.626    sw_sync/data_q_reg[2]_0[0]
    SLICE_X62Y11         LUT6 (Prop_lut6_I0_O)        0.124     6.750 r  sw_sync/data_q[4]_i_2/O
                         net (fo=4, routed)           0.478     7.228    sw_sync/data_q[4]_i_2_n_0
    SLICE_X62Y12         LUT5 (Prop_lut5_I0_O)        0.118     7.346 r  sw_sync/data_q[6]_i_2/O
                         net (fo=3, routed)           0.710     8.055    sw_sync/data_q[6]_i_2_n_0
    SLICE_X61Y12         LUT5 (Prop_lut5_I0_O)        0.320     8.375 r  sw_sync/data_q[8]_i_2/O
                         net (fo=3, routed)           0.421     8.796    sw_sync/data_q[8]_i_2_n_0
    SLICE_X61Y13         LUT5 (Prop_lut5_I0_O)        0.326     9.122 r  sw_sync/data_q[10]_i_2/O
                         net (fo=3, routed)           0.602     9.724    sw_sync/data_q[10]_i_2_n_0
    SLICE_X62Y13         LUT5 (Prop_lut5_I0_O)        0.150     9.874 r  sw_sync/data_q[12]_i_2/O
                         net (fo=3, routed)           0.663    10.537    sw_sync/data_q[12]_i_2_n_0
    SLICE_X63Y13         LUT5 (Prop_lut5_I0_O)        0.352    10.889 r  sw_sync/data_q[14]_i_2/O
                         net (fo=2, routed)           0.625    11.514    sw_sync/data_q[14]_i_2_n_0
    SLICE_X62Y13         LUT3 (Prop_lut3_I0_O)        0.326    11.840 r  sw_sync/data_q[13]_i_1/O
                         net (fo=1, routed)           0.000    11.840    reg_unit/D[11]
    SLICE_X62Y13         FDRE                                         r  reg_unit/data_q_reg[13]/D
  -------------------------------------------------------------------    -------------------

                         (clock clk rise edge)       10.000    10.000 r  
    N15                                               0.000    10.000 r  clk (IN)
                         net (fo=0)                   0.000    10.000    clk
    N15                  IBUF (Prop_ibuf_I_O)         1.370    11.370 r  clk_IBUF_inst/O
                         net (fo=1, routed)           1.868    13.238    clk_IBUF
    BUFGCTRL_X0Y0        BUFG (Prop_bufg_I_O)         0.091    13.329 r  clk_IBUF_BUFG_inst/O
                         net (fo=91, routed)          1.514    14.844    reg_unit/clk_IBUF_BUFG
    SLICE_X62Y13         FDRE                                         r  reg_unit/data_q_reg[13]/C
                         clock pessimism              0.273    15.116    
                         clock uncertainty           -0.035    15.081    
    SLICE_X62Y13         FDRE (Setup_fdre_C_D)        0.031    15.112    reg_unit/data_q_reg[13]
  -------------------------------------------------------------------
                         required time                         15.112    
                         arrival time                         -11.840    
  -------------------------------------------------------------------
                         slack                                  3.272    

Slack (MET) :             3.290ns  (required time - arrival time)
  Source:                 sw_sync/data_q_reg[0]/C
                            (rising edge-triggered cell FDRE clocked by clk  {rise@0.000ns fall@5.000ns period=10.000ns})
  Destination:            reg_unit/data_q_reg[14]/D
                            (rising edge-triggered cell FDRE clocked by clk  {rise@0.000ns fall@5.000ns period=10.000ns})
  Path Group:             clk
  Path Type:              Setup (Max at Slow Process Corner)
  Requirement:            10.000ns  (clk rise@10.000ns - clk rise@0.000ns)
  Data Path Delay:        6.725ns  (logic 2.198ns (32.685%)  route 4.527ns (67.315%))
  Logic Levels:           7  (LUT5=6 LUT6=1)
  Clock Path Skew:        -0.025ns (DCD - SCD + CPR)
    Destination Clock Delay (DCD):    4.844ns = ( 14.844 - 10.000 ) 
    Source Clock Delay      (SCD):    5.141ns
    Clock Pessimism Removal (CPR):    0.273ns
  Clock Uncertainty:      0.035ns  ((TSJ^2 + TIJ^2)^1/2 + DJ) / 2 + PE
    Total System Jitter     (TSJ):    0.071ns
    Total Input Jitter      (TIJ):    0.000ns
    Discrete Jitter          (DJ):    0.000ns
    Phase Error              (PE):    0.000ns

    Location             Delay type                Incr(ns)  Path(ns)    Netlist Resource(s)
  -------------------------------------------------------------------    -------------------
                         (clock clk rise edge)        0.000     0.000 r  
    N15                                               0.000     0.000 r  clk (IN)
                         net (fo=0)                   0.000     0.000    clk
    N15                  IBUF (Prop_ibuf_I_O)         1.440     1.440 r  clk_IBUF_inst/O
                         net (fo=1, routed)           1.972     3.412    clk_IBUF
    BUFGCTRL_X0Y0        BUFG (Prop_bufg_I_O)         0.096     3.508 r  clk_IBUF_BUFG_inst/O
                         net (fo=91, routed)          1.633     5.141    sw_sync/clk_IBUF_BUFG
    SLICE_X63Y14         FDRE                                         r  sw_sync/data_q_reg[0]/C
  -------------------------------------------------------------------    -------------------
    SLICE_X63Y14         FDRE (Prop_fdre_C_Q)         0.456     5.597 r  sw_sync/data_q_reg[0]/Q
                         net (fo=11, routed)          1.029     6.626    sw_sync/data_q_reg[2]_0[0]
    SLICE_X62Y11         LUT6 (Prop_lut6_I0_O)        0.124     6.750 r  sw_sync/data_q[4]_i_2/O
                         net (fo=4, routed)           0.478     7.228    sw_sync/data_q[4]_i_2_n_0
    SLICE_X62Y12         LUT5 (Prop_lut5_I0_O)        0.118     7.346 r  sw_sync/data_q[6]_i_2/O
                         net (fo=3, routed)           0.710     8.055    sw_sync/data_q[6]_i_2_n_0
    SLICE_X61Y12         LUT5 (Prop_lut5_I0_O)        0.320     8.375 r  sw_sync/data_q[8]_i_2/O
                         net (fo=3, routed)           0.421     8.796    sw_sync/data_q[8]_i_2_n_0
    SLICE_X61Y13         LUT5 (Prop_lut5_I0_O)        0.326     9.122 r  sw_sync/data_q[10]_i_2/O
                         net (fo=3, routed)           0.602     9.724    sw_sync/data_q[10]_i_2_n_0
    SLICE_X62Y13         LUT5 (Prop_lut5_I0_O)        0.150     9.874 r  sw_sync/data_q[12]_i_2/O
                         net (fo=3, routed)           0.663    10.537    sw_sync/data_q[12]_i_2_n_0
    SLICE_X63Y13         LUT5 (Prop_lut5_I0_O)        0.352    10.889 r  sw_sync/data_q[14]_i_2/O
                         net (fo=2, routed)           0.625    11.514    sw_sync/data_q[14]_i_2_n_0
    SLICE_X62Y13         LUT5 (Prop_lut5_I2_O)        0.352    11.866 r  sw_sync/data_q[14]_i_1/O
                         net (fo=1, routed)           0.000    11.866    reg_unit/D[12]
    SLICE_X62Y13         FDRE                                         r  reg_unit/data_q_reg[14]/D
  -------------------------------------------------------------------    -------------------

                         (clock clk rise edge)       10.000    10.000 r  
    N15                                               0.000    10.000 r  clk (IN)
                         net (fo=0)                   0.000    10.000    clk
    N15                  IBUF (Prop_ibuf_I_O)         1.370    11.370 r  clk_IBUF_inst/O
                         net (fo=1, routed)           1.868    13.238    clk_IBUF
    BUFGCTRL_X0Y0        BUFG (Prop_bufg_I_O)         0.091    13.329 r  clk_IBUF_BUFG_inst/O
                         net (fo=91, routed)          1.514    14.844    reg_unit/clk_IBUF_BUFG
    SLICE_X62Y13         FDRE                                         r  reg_unit/data_q_reg[14]/C
                         clock pessimism              0.273    15.116    
                         clock uncertainty           -0.035    15.081    
    SLICE_X62Y13         FDRE (Setup_fdre_C_D)        0.075    15.156    reg_unit/data_q_reg[14]
  -------------------------------------------------------------------
                         required time                         15.156    
                         arrival time                         -11.866    
  -------------------------------------------------------------------
                         slack                                  3.290    

Slack (MET) :             3.713ns  (required time - arrival time)
  Source:                 sw_sync/data_q_reg[0]/C
                            (rising edge-triggered cell FDRE clocked by clk  {rise@0.000ns fall@5.000ns period=10.000ns})
  Destination:            reg_unit/data_q_reg[12]/D
                            (rising edge-triggered cell FDRE clocked by clk  {rise@0.000ns fall@5.000ns period=10.000ns})
  Path Group:             clk
  Path Type:              Setup (Max at Slow Process Corner)
  Requirement:            10.000ns  (clk rise@10.000ns - clk rise@0.000ns)
  Data Path Delay:        6.196ns  (logic 1.820ns (29.376%)  route 4.376ns (70.624%))
  Logic Levels:           6  (LUT5=5 LUT6=1)
  Clock Path Skew:        -0.025ns (DCD - SCD + CPR)
    Destination Clock Delay (DCD):    4.844ns = ( 14.844 - 10.000 ) 
    Source Clock Delay      (SCD):    5.141ns
    Clock Pessimism Removal (CPR):    0.273ns
  Clock Uncertainty:      0.035ns  ((TSJ^2 + TIJ^2)^1/2 + DJ) / 2 + PE
    Total System Jitter     (TSJ):    0.071ns
    Total Input Jitter      (TIJ):    0.000ns
    Discrete Jitter          (DJ):    0.000ns
    Phase Error              (PE):    0.000ns

    Location             Delay type                Incr(ns)  Path(ns)    Netlist Resource(s)
  -------------------------------------------------------------------    -------------------
                         (clock clk rise edge)        0.000     0.000 r  
    N15                                               0.000     0.000 r  clk (IN)
                         net (fo=0)                   0.000     0.000    clk
    N15                  IBUF (Prop_ibuf_I_O)         1.440     1.440 r  clk_IBUF_inst/O
                         net (fo=1, routed)           1.972     3.412    clk_IBUF
    BUFGCTRL_X0Y0        BUFG (Prop_bufg_I_O)         0.096     3.508 r  clk_IBUF_BUFG_inst/O
                         net (fo=91, routed)          1.633     5.141    sw_sync/clk_IBUF_BUFG
    SLICE_X63Y14         FDRE                                         r  sw_sync/data_q_reg[0]/C
  -------------------------------------------------------------------    -------------------
    SLICE_X63Y14         FDRE (Prop_fdre_C_Q)         0.456     5.597 r  sw_sync/data_q_reg[0]/Q
                         net (fo=11, routed)          1.029     6.626    sw_sync/data_q_reg[2]_0[0]
    SLICE_X62Y11         LUT6 (Prop_lut6_I0_O)        0.124     6.750 r  sw_sync/data_q[4]_i_2/O
                         net (fo=4, routed)           0.478     7.228    sw_sync/data_q[4]_i_2_n_0
    SLICE_X62Y12         LUT5 (Prop_lut5_I0_O)        0.118     7.346 r  sw_sync/data_q[6]_i_2/O
                         net (fo=3, routed)           0.710     8.055    sw_sync/data_q[6]_i_2_n_0
    SLICE_X61Y12         LUT5 (Prop_lut5_I0_O)        0.320     8.375 r  sw_sync/data_q[8]_i_2/O
                         net (fo=3, routed)           0.421     8.796    sw_sync/data_q[8]_i_2_n_0
    SLICE_X61Y13         LUT5 (Prop_lut5_I0_O)        0.326     9.122 r  sw_sync/data_q[10]_i_2/O
                         net (fo=3, routed)           0.602     9.724    sw_sync/data_q[10]_i_2_n_0
    SLICE_X62Y13         LUT5 (Prop_lut5_I0_O)        0.150     9.874 r  sw_sync/data_q[12]_i_2/O
                         net (fo=3, routed)           0.663    10.537    sw_sync/data_q[12]_i_2_n_0
    SLICE_X63Y13         LUT5 (Prop_lut5_I2_O)        0.326    10.863 r  sw_sync/data_q[12]_i_1/O
                         net (fo=1, routed)           0.474    11.337    reg_unit/D[10]
    SLICE_X64Y13         FDRE                                         r  reg_unit/data_q_reg[12]/D
  -------------------------------------------------------------------    -------------------

                         (clock clk rise edge)       10.000    10.000 r  
    N15                                               0.000    10.000 r  clk (IN)
                         net (fo=0)                   0.000    10.000    clk
    N15                  IBUF (Prop_ibuf_I_O)         1.370    11.370 r  clk_IBUF_inst/O
                         net (fo=1, routed)           1.868    13.238    clk_IBUF
    BUFGCTRL_X0Y0        BUFG (Prop_bufg_I_O)         0.091    13.329 r  clk_IBUF_BUFG_inst/O
                         net (fo=91, routed)          1.514    14.844    reg_unit/clk_IBUF_BUFG
    SLICE_X64Y13         FDRE                                         r  reg_unit/data_q_reg[12]/C
                         clock pessimism              0.273    15.116    
                         clock uncertainty           -0.035    15.081    
    SLICE_X64Y13         FDRE (Setup_fdre_C_D)       -0.031    15.050    reg_unit/data_q_reg[12]
  -------------------------------------------------------------------
                         required time                         15.050    
                         arrival time                         -11.337    
  -------------------------------------------------------------------
                         slack                                  3.713    

Slack (MET) :             4.293ns  (required time - arrival time)
  Source:                 sw_sync/data_q_reg[0]/C
                            (rising edge-triggered cell FDRE clocked by clk  {rise@0.000ns fall@5.000ns period=10.000ns})
  Destination:            reg_unit/data_q_reg[16]/D
                            (rising edge-triggered cell FDRE clocked by clk  {rise@0.000ns fall@5.000ns period=10.000ns})
  Path Group:             clk
  Path Type:              Setup (Max at Slow Process Corner)
  Requirement:            10.000ns  (clk rise@10.000ns - clk rise@0.000ns)
  Data Path Delay:        5.357ns  (logic 1.319ns (24.623%)  route 4.038ns (75.377%))
  Logic Levels:           7  (LUT5=4 LUT6=3)
  Clock Path Skew:        -0.040ns (DCD - SCD + CPR)
    Destination Clock Delay (DCD):    4.843ns = ( 14.843 - 10.000 ) 
    Source Clock Delay      (SCD):    5.141ns
    Clock Pessimism Removal (CPR):    0.259ns
  Clock Uncertainty:      0.035ns  ((TSJ^2 + TIJ^2)^1/2 + DJ) / 2 + PE
    Total System Jitter     (TSJ):    0.071ns
    Total Input Jitter      (TIJ):    0.000ns
    Discrete Jitter          (DJ):    0.000ns
    Phase Error              (PE):    0.000ns

    Location             Delay type                Incr(ns)  Path(ns)    Netlist Resource(s)
  -------------------------------------------------------------------    -------------------
                         (clock clk rise edge)        0.000     0.000 r  
    N15                                               0.000     0.000 r  clk (IN)
                         net (fo=0)                   0.000     0.000    clk
    N15                  IBUF (Prop_ibuf_I_O)         1.440     1.440 r  clk_IBUF_inst/O
                         net (fo=1, routed)           1.972     3.412    clk_IBUF
    BUFGCTRL_X0Y0        BUFG (Prop_bufg_I_O)         0.096     3.508 r  clk_IBUF_BUFG_inst/O
                         net (fo=91, routed)          1.633     5.141    sw_sync/clk_IBUF_BUFG
    SLICE_X63Y14         FDRE                                         r  sw_sync/data_q_reg[0]/C
  -------------------------------------------------------------------    -------------------
    SLICE_X63Y14         FDRE (Prop_fdre_C_Q)         0.456     5.597 r  sw_sync/data_q_reg[0]/Q
                         net (fo=11, routed)          1.029     6.626    sw_sync/data_q_reg[2]_0[0]
    SLICE_X62Y11         LUT6 (Prop_lut6_I0_O)        0.124     6.750 r  sw_sync/data_q[4]_i_2/O
                         net (fo=4, routed)           0.566     7.316    sw_sync/data_q[4]_i_2_n_0
    SLICE_X62Y12         LUT6 (Prop_lut6_I5_O)        0.124     7.440 f  sw_sync/data_q[16]_i_7/O
                         net (fo=1, routed)           0.280     7.720    sw_sync/data_q[16]_i_7_n_0
    SLICE_X62Y12         LUT6 (Prop_lut6_I1_O)        0.124     7.844 r  sw_sync/data_q[16]_i_5/O
                         net (fo=1, routed)           0.491     8.335    sw_sync/data_q[16]_i_5_n_0
    SLICE_X62Y13         LUT5 (Prop_lut5_I0_O)        0.124     8.459 r  sw_sync/data_q[16]_i_4/O
                         net (fo=1, routed)           0.296     8.755    sw_sync/data_q[16]_i_4_n_0
    SLICE_X63Y13         LUT5 (Prop_lut5_I0_O)        0.124     8.879 r  sw_sync/data_q[16]_i_3/O
                         net (fo=1, routed)           0.263     9.142    sw_sync/data_q[16]_i_3_n_0
    SLICE_X63Y13         LUT5 (Prop_lut5_I0_O)        0.124     9.266 r  sw_sync/data_q[16]_i_2/O
                         net (fo=2, routed)           0.473     9.739    sw_sync/data_q[16]_i_2_n_0
    SLICE_X63Y13         LUT5 (Prop_lut5_I0_O)        0.119     9.858 r  sw_sync/data_q[16]_i_1/O
                         net (fo=2, routed)           0.640    10.498    reg_unit/D[14]
    SLICE_X61Y13         FDRE                                         r  reg_unit/data_q_reg[16]/D
  -------------------------------------------------------------------    -------------------

                         (clock clk rise edge)       10.000    10.000 r  
    N15                                               0.000    10.000 r  clk (IN)
                         net (fo=0)                   0.000    10.000    clk
    N15                  IBUF (Prop_ibuf_I_O)         1.370    11.370 r  clk_IBUF_inst/O
                         net (fo=1, routed)           1.868    13.238    clk_IBUF
    BUFGCTRL_X0Y0        BUFG (Prop_bufg_I_O)         0.091    13.329 r  clk_IBUF_BUFG_inst/O
                         net (fo=91, routed)          1.513    14.843    reg_unit/clk_IBUF_BUFG
    SLICE_X61Y13         FDRE                                         r  reg_unit/data_q_reg[16]/C
                         clock pessimism              0.259    15.101    
                         clock uncertainty           -0.035    15.066    
    SLICE_X61Y13         FDRE (Setup_fdre_C_D)       -0.275    14.791    reg_unit/data_q_reg[16]
  -------------------------------------------------------------------
                         required time                         14.791    
                         arrival time                         -10.498    
  -------------------------------------------------------------------
                         slack                                  4.293    

Slack (MET) :             4.455ns  (required time - arrival time)
  Source:                 sw_sync/data_q_reg[0]/C
                            (rising edge-triggered cell FDRE clocked by clk  {rise@0.000ns fall@5.000ns period=10.000ns})
  Destination:            reg_unit/data_q_reg[16]_lopt_replica/D
                            (rising edge-triggered cell FDRE clocked by clk  {rise@0.000ns fall@5.000ns period=10.000ns})
  Path Group:             clk
  Path Type:              Setup (Max at Slow Process Corner)
  Requirement:            10.000ns  (clk rise@10.000ns - clk rise@0.000ns)
  Data Path Delay:        5.249ns  (logic 1.319ns (25.130%)  route 3.930ns (74.870%))
  Logic Levels:           7  (LUT5=4 LUT6=3)
  Clock Path Skew:        -0.025ns (DCD - SCD + CPR)
    Destination Clock Delay (DCD):    4.844ns = ( 14.844 - 10.000 ) 
    Source Clock Delay      (SCD):    5.141ns
    Clock Pessimism Removal (CPR):    0.273ns
  Clock Uncertainty:      0.035ns  ((TSJ^2 + TIJ^2)^1/2 + DJ) / 2 + PE
    Total System Jitter     (TSJ):    0.071ns
    Total Input Jitter      (TIJ):    0.000ns
    Discrete Jitter          (DJ):    0.000ns
    Phase Error              (PE):    0.000ns

    Location             Delay type                Incr(ns)  Path(ns)    Netlist Resource(s)
  -------------------------------------------------------------------    -------------------
                         (clock clk rise edge)        0.000     0.000 r  
    N15                                               0.000     0.000 r  clk (IN)
                         net (fo=0)                   0.000     0.000    clk
    N15                  IBUF (Prop_ibuf_I_O)         1.440     1.440 r  clk_IBUF_inst/O
                         net (fo=1, routed)           1.972     3.412    clk_IBUF
    BUFGCTRL_X0Y0        BUFG (Prop_bufg_I_O)         0.096     3.508 r  clk_IBUF_BUFG_inst/O
                         net (fo=91, routed)          1.633     5.141    sw_sync/clk_IBUF_BUFG
    SLICE_X63Y14         FDRE                                         r  sw_sync/data_q_reg[0]/C
  -------------------------------------------------------------------    -------------------
    SLICE_X63Y14         FDRE (Prop_fdre_C_Q)         0.456     5.597 r  sw_sync/data_q_reg[0]/Q
                         net (fo=11, routed)          1.029     6.626    sw_sync/data_q_reg[2]_0[0]
    SLICE_X62Y11         LUT6 (Prop_lut6_I0_O)        0.124     6.750 r  sw_sync/data_q[4]_i_2/O
                         net (fo=4, routed)           0.566     7.316    sw_sync/data_q[4]_i_2_n_0
    SLICE_X62Y12         LUT6 (Prop_lut6_I5_O)        0.124     7.440 f  sw_sync/data_q[16]_i_7/O
                         net (fo=1, routed)           0.280     7.720    sw_sync/data_q[16]_i_7_n_0
    SLICE_X62Y12         LUT6 (Prop_lut6_I1_O)        0.124     7.844 r  sw_sync/data_q[16]_i_5/O
                         net (fo=1, routed)           0.491     8.335    sw_sync/data_q[16]_i_5_n_0
    SLICE_X62Y13         LUT5 (Prop_lut5_I0_O)        0.124     8.459 r  sw_sync/data_q[16]_i_4/O
                         net (fo=1, routed)           0.296     8.755    sw_sync/data_q[16]_i_4_n_0
    SLICE_X63Y13         LUT5 (Prop_lut5_I0_O)        0.124     8.879 r  sw_sync/data_q[16]_i_3/O
                         net (fo=1, routed)           0.263     9.142    sw_sync/data_q[16]_i_3_n_0
    SLICE_X63Y13         LUT5 (Prop_lut5_I0_O)        0.124     9.266 r  sw_sync/data_q[16]_i_2/O
                         net (fo=2, routed)           0.473     9.739    sw_sync/data_q[16]_i_2_n_0
    SLICE_X63Y13         LUT5 (Prop_lut5_I0_O)        0.119     9.858 r  sw_sync/data_q[16]_i_1/O
                         net (fo=2, routed)           0.532    10.390    reg_unit/D[14]
    SLICE_X64Y13         FDRE                                         r  reg_unit/data_q_reg[16]_lopt_replica/D
  -------------------------------------------------------------------    -------------------

                         (clock clk rise edge)       10.000    10.000 r  
    N15                                               0.000    10.000 r  clk (IN)
                         net (fo=0)                   0.000    10.000    clk
    N15                  IBUF (Prop_ibuf_I_O)         1.370    11.370 r  clk_IBUF_inst/O
                         net (fo=1, routed)           1.868    13.238    clk_IBUF
    BUFGCTRL_X0Y0        BUFG (Prop_bufg_I_O)         0.091    13.329 r  clk_IBUF_BUFG_inst/O
                         net (fo=91, routed)          1.514    14.844    reg_unit/clk_IBUF_BUFG
    SLICE_X64Y13         FDRE                                         r  reg_unit/data_q_reg[16]_lopt_replica/C
                         clock pessimism              0.273    15.116    
                         clock uncertainty           -0.035    15.081    
    SLICE_X64Y13         FDRE (Setup_fdre_C_D)       -0.236    14.845    reg_unit/data_q_reg[16]_lopt_replica
  -------------------------------------------------------------------
                         required time                         14.845    
                         arrival time                         -10.390    
  -------------------------------------------------------------------
                         slack                                  4.455    

Slack (MET) :             4.591ns  (required time - arrival time)
  Source:                 sw_sync/data_q_reg[0]/C
                            (rising edge-triggered cell FDRE clocked by clk  {rise@0.000ns fall@5.000ns period=10.000ns})
  Destination:            reg_unit/data_q_reg[11]/D
                            (rising edge-triggered cell FDRE clocked by clk  {rise@0.000ns fall@5.000ns period=10.000ns})
  Path Group:             clk
  Path Type:              Setup (Max at Slow Process Corner)
  Requirement:            10.000ns  (clk rise@10.000ns - clk rise@0.000ns)
  Data Path Delay:        5.381ns  (logic 1.820ns (33.825%)  route 3.561ns (66.175%))
  Logic Levels:           6  (LUT3=1 LUT5=4 LUT6=1)
  Clock Path Skew:        -0.022ns (DCD - SCD + CPR)
    Destination Clock Delay (DCD):    4.844ns = ( 14.844 - 10.000 ) 
    Source Clock Delay      (SCD):    5.141ns
    Clock Pessimism Removal (CPR):    0.276ns
  Clock Uncertainty:      0.035ns  ((TSJ^2 + TIJ^2)^1/2 + DJ) / 2 + PE
    Total System Jitter     (TSJ):    0.071ns
    Total Input Jitter      (TIJ):    0.000ns
    Discrete Jitter          (DJ):    0.000ns
    Phase Error              (PE):    0.000ns

    Location             Delay type                Incr(ns)  Path(ns)    Netlist Resource(s)
  -------------------------------------------------------------------    -------------------
                         (clock clk rise edge)        0.000     0.000 r  
    N15                                               0.000     0.000 r  clk (IN)
                         net (fo=0)                   0.000     0.000    clk
    N15                  IBUF (Prop_ibuf_I_O)         1.440     1.440 r  clk_IBUF_inst/O
                         net (fo=1, routed)           1.972     3.412    clk_IBUF
    BUFGCTRL_X0Y0        BUFG (Prop_bufg_I_O)         0.096     3.508 r  clk_IBUF_BUFG_inst/O
                         net (fo=91, routed)          1.633     5.141    sw_sync/clk_IBUF_BUFG
    SLICE_X63Y14         FDRE                                         r  sw_sync/data_q_reg[0]/C
  -------------------------------------------------------------------    -------------------
    SLICE_X63Y14         FDRE (Prop_fdre_C_Q)         0.456     5.597 r  sw_sync/data_q_reg[0]/Q
                         net (fo=11, routed)          1.029     6.626    sw_sync/data_q_reg[2]_0[0]
    SLICE_X62Y11         LUT6 (Prop_lut6_I0_O)        0.124     6.750 r  sw_sync/data_q[4]_i_2/O
                         net (fo=4, routed)           0.478     7.228    sw_sync/data_q[4]_i_2_n_0
    SLICE_X62Y12         LUT5 (Prop_lut5_I0_O)        0.118     7.346 r  sw_sync/data_q[6]_i_2/O
                         net (fo=3, routed)           0.710     8.055    sw_sync/data_q[6]_i_2_n_0
    SLICE_X61Y12         LUT5 (Prop_lut5_I0_O)        0.320     8.375 r  sw_sync/data_q[8]_i_2/O
                         net (fo=3, routed)           0.421     8.796    sw_sync/data_q[8]_i_2_n_0
    SLICE_X61Y13         LUT5 (Prop_lut5_I0_O)        0.326     9.122 r  sw_sync/data_q[10]_i_2/O
                         net (fo=3, routed)           0.602     9.724    sw_sync/data_q[10]_i_2_n_0
    SLICE_X62Y13         LUT5 (Prop_lut5_I0_O)        0.150     9.874 r  sw_sync/data_q[12]_i_2/O
                         net (fo=3, routed)           0.322    10.196    sw_sync/data_q[12]_i_2_n_0
    SLICE_X62Y14         LUT3 (Prop_lut3_I0_O)        0.326    10.522 r  sw_sync/data_q[11]_i_1/O
                         net (fo=1, routed)           0.000    10.522    reg_unit/D[9]
    SLICE_X62Y14         FDRE                                         r  reg_unit/data_q_reg[11]/D
  -------------------------------------------------------------------    -------------------

                         (clock clk rise edge)       10.000    10.000 r  
    N15                                               0.000    10.000 r  clk (IN)
                         net (fo=0)                   0.000    10.000    clk
    N15                  IBUF (Prop_ibuf_I_O)         1.370    11.370 r  clk_IBUF_inst/O
                         net (fo=1, routed)           1.868    13.238    clk_IBUF
    BUFGCTRL_X0Y0        BUFG (Prop_bufg_I_O)         0.091    13.329 r  clk_IBUF_BUFG_inst/O
                         net (fo=91, routed)          1.514    14.844    reg_unit/clk_IBUF_BUFG
    SLICE_X62Y14         FDRE                                         r  reg_unit/data_q_reg[11]/C
                         clock pessimism              0.276    15.119    
                         clock uncertainty           -0.035    15.084    
    SLICE_X62Y14         FDRE (Setup_fdre_C_D)        0.029    15.113    reg_unit/data_q_reg[11]
  -------------------------------------------------------------------
                         required time                         15.113    
                         arrival time                         -10.522    
  -------------------------------------------------------------------
                         slack                                  4.591    

Slack (MET) :             4.698ns  (required time - arrival time)
  Source:                 sw_sync/data_q_reg[0]/C
                            (rising edge-triggered cell FDRE clocked by clk  {rise@0.000ns fall@5.000ns period=10.000ns})
  Destination:            reg_unit/data_q_reg[15]/D
                            (rising edge-triggered cell FDRE clocked by clk  {rise@0.000ns fall@5.000ns period=10.000ns})
  Path Group:             clk
  Path Type:              Setup (Max at Slow Process Corner)
  Requirement:            10.000ns  (clk rise@10.000ns - clk rise@0.000ns)
  Data Path Delay:        5.197ns  (logic 1.324ns (25.478%)  route 3.873ns (74.522%))
  Logic Levels:           7  (LUT5=4 LUT6=3)
  Clock Path Skew:        -0.025ns (DCD - SCD + CPR)
    Destination Clock Delay (DCD):    4.844ns = ( 14.844 - 10.000 ) 
    Source Clock Delay      (SCD):    5.141ns
    Clock Pessimism Removal (CPR):    0.273ns
  Clock Uncertainty:      0.035ns  ((TSJ^2 + TIJ^2)^1/2 + DJ) / 2 + PE
    Total System Jitter     (TSJ):    0.071ns
    Total Input Jitter      (TIJ):    0.000ns
    Discrete Jitter          (DJ):    0.000ns
    Phase Error              (PE):    0.000ns

    Location             Delay type                Incr(ns)  Path(ns)    Netlist Resource(s)
  -------------------------------------------------------------------    -------------------
                         (clock clk rise edge)        0.000     0.000 r  
    N15                                               0.000     0.000 r  clk (IN)
                         net (fo=0)                   0.000     0.000    clk
    N15                  IBUF (Prop_ibuf_I_O)         1.440     1.440 r  clk_IBUF_inst/O
                         net (fo=1, routed)           1.972     3.412    clk_IBUF
    BUFGCTRL_X0Y0        BUFG (Prop_bufg_I_O)         0.096     3.508 r  clk_IBUF_BUFG_inst/O
                         net (fo=91, routed)          1.633     5.141    sw_sync/clk_IBUF_BUFG
    SLICE_X63Y14         FDRE                                         r  sw_sync/data_q_reg[0]/C
  -------------------------------------------------------------------    -------------------
    SLICE_X63Y14         FDRE (Prop_fdre_C_Q)         0.456     5.597 r  sw_sync/data_q_reg[0]/Q
                         net (fo=11, routed)          1.029     6.626    sw_sync/data_q_reg[2]_0[0]
    SLICE_X62Y11         LUT6 (Prop_lut6_I0_O)        0.124     6.750 r  sw_sync/data_q[4]_i_2/O
                         net (fo=4, routed)           0.566     7.316    sw_sync/data_q[4]_i_2_n_0
    SLICE_X62Y12         LUT6 (Prop_lut6_I5_O)        0.124     7.440 f  sw_sync/data_q[16]_i_7/O
                         net (fo=1, routed)           0.280     7.720    sw_sync/data_q[16]_i_7_n_0
    SLICE_X62Y12         LUT6 (Prop_lut6_I1_O)        0.124     7.844 r  sw_sync/data_q[16]_i_5/O
                         net (fo=1, routed)           0.491     8.335    sw_sync/data_q[16]_i_5_n_0
    SLICE_X62Y13         LUT5 (Prop_lut5_I0_O)        0.124     8.459 r  sw_sync/data_q[16]_i_4/O
                         net (fo=1, routed)           0.296     8.755    sw_sync/data_q[16]_i_4_n_0
    SLICE_X63Y13         LUT5 (Prop_lut5_I0_O)        0.124     8.879 r  sw_sync/data_q[16]_i_3/O
                         net (fo=1, routed)           0.263     9.142    sw_sync/data_q[16]_i_3_n_0
    SLICE_X63Y13         LUT5 (Prop_lut5_I0_O)        0.124     9.266 r  sw_sync/data_q[16]_i_2/O
                         net (fo=2, routed)           0.473     9.739    sw_sync/data_q[16]_i_2_n_0
    SLICE_X63Y13         LUT5 (Prop_lut5_I2_O)        0.124     9.863 r  sw_sync/data_q[15]_i_1/O
                         net (fo=1, routed)           0.475    10.338    reg_unit/D[13]
    SLICE_X64Y13         FDRE                                         r  reg_unit/data_q_reg[15]/D
  -------------------------------------------------------------------    -------------------

                         (clock clk rise edge)       10.000    10.000 r  
    N15                                               0.000    10.000 r  clk (IN)
                         net (fo=0)                   0.000    10.000    clk
    N15                  IBUF (Prop_ibuf_I_O)         1.370    11.370 r  clk_IBUF_inst/O
                         net (fo=1, routed)           1.868    13.238    clk_IBUF
    BUFGCTRL_X0Y0        BUFG (Prop_bufg_I_O)         0.091    13.329 r  clk_IBUF_BUFG_inst/O
                         net (fo=91, routed)          1.514    14.844    reg_unit/clk_IBUF_BUFG
    SLICE_X64Y13         FDRE                                         r  reg_unit/data_q_reg[15]/C
                         clock pessimism              0.273    15.116    
                         clock uncertainty           -0.035    15.081    
    SLICE_X64Y13         FDRE (Setup_fdre_C_D)       -0.045    15.036    reg_unit/data_q_reg[15]
  -------------------------------------------------------------------
                         required time                         15.036    
                         arrival time                         -10.338    
  -------------------------------------------------------------------
                         slack                                  4.698    

Slack (MET) :             5.262ns  (required time - arrival time)
  Source:                 sw_sync/data_q_reg[0]/C
                            (rising edge-triggered cell FDRE clocked by clk  {rise@0.000ns fall@5.000ns period=10.000ns})
  Destination:            reg_unit/data_q_reg[10]/D
                            (rising edge-triggered cell FDRE clocked by clk  {rise@0.000ns fall@5.000ns period=10.000ns})
  Path Group:             clk
  Path Type:              Setup (Max at Slow Process Corner)
  Requirement:            10.000ns  (clk rise@10.000ns - clk rise@0.000ns)
  Data Path Delay:        4.707ns  (logic 1.468ns (31.189%)  route 3.239ns (68.811%))
  Logic Levels:           5  (LUT5=4 LUT6=1)
  Clock Path Skew:        -0.025ns (DCD - SCD + CPR)
    Destination Clock Delay (DCD):    4.844ns = ( 14.844 - 10.000 ) 
    Source Clock Delay      (SCD):    5.141ns
    Clock Pessimism Removal (CPR):    0.273ns
  Clock Uncertainty:      0.035ns  ((TSJ^2 + TIJ^2)^1/2 + DJ) / 2 + PE
    Total System Jitter     (TSJ):    0.071ns
    Total Input Jitter      (TIJ):    0.000ns
    Discrete Jitter          (DJ):    0.000ns
    Phase Error              (PE):    0.000ns

    Location             Delay type                Incr(ns)  Path(ns)    Netlist Resource(s)
  -------------------------------------------------------------------    -------------------
                         (clock clk rise edge)        0.000     0.000 r  
    N15                                               0.000     0.000 r  clk (IN)
                         net (fo=0)                   0.000     0.000    clk
    N15                  IBUF (Prop_ibuf_I_O)         1.440     1.440 r  clk_IBUF_inst/O
                         net (fo=1, routed)           1.972     3.412    clk_IBUF
    BUFGCTRL_X0Y0        BUFG (Prop_bufg_I_O)         0.096     3.508 r  clk_IBUF_BUFG_inst/O
                         net (fo=91, routed)          1.633     5.141    sw_sync/clk_IBUF_BUFG
    SLICE_X63Y14         FDRE                                         r  sw_sync/data_q_reg[0]/C
  -------------------------------------------------------------------    -------------------
    SLICE_X63Y14         FDRE (Prop_fdre_C_Q)         0.456     5.597 r  sw_sync/data_q_reg[0]/Q
                         net (fo=11, routed)          1.029     6.626    sw_sync/data_q_reg[2]_0[0]
    SLICE_X62Y11         LUT6 (Prop_lut6_I0_O)        0.124     6.750 r  sw_sync/data_q[4]_i_2/O
                         net (fo=4, routed)           0.478     7.228    sw_sync/data_q[4]_i_2_n_0
    SLICE_X62Y12         LUT5 (Prop_lut5_I0_O)        0.118     7.346 r  sw_sync/data_q[6]_i_2/O
                         net (fo=3, routed)           0.710     8.055    sw_sync/data_q[6]_i_2_n_0
    SLICE_X61Y12         LUT5 (Prop_lut5_I0_O)        0.320     8.375 r  sw_sync/data_q[8]_i_2/O
                         net (fo=3, routed)           0.421     8.796    sw_sync/data_q[8]_i_2_n_0
    SLICE_X61Y13         LUT5 (Prop_lut5_I0_O)        0.326     9.122 r  sw_sync/data_q[10]_i_2/O
                         net (fo=3, routed)           0.602     9.724    sw_sync/data_q[10]_i_2_n_0
    SLICE_X62Y13         LUT5 (Prop_lut5_I2_O)        0.124     9.848 r  sw_sync/data_q[10]_i_1/O
                         net (fo=1, routed)           0.000     9.848    reg_unit/D[8]
    SLICE_X62Y13         FDRE                                         r  reg_unit/data_q_reg[10]/D
  -------------------------------------------------------------------    -------------------

                         (clock clk rise edge)       10.000    10.000 r  
    N15                                               0.000    10.000 r  clk (IN)
                         net (fo=0)                   0.000    10.000    clk
    N15                  IBUF (Prop_ibuf_I_O)         1.370    11.370 r  clk_IBUF_inst/O
                         net (fo=1, routed)           1.868    13.238    clk_IBUF
    BUFGCTRL_X0Y0        BUFG (Prop_bufg_I_O)         0.091    13.329 r  clk_IBUF_BUFG_inst/O
                         net (fo=91, routed)          1.514    14.844    reg_unit/clk_IBUF_BUFG
    SLICE_X62Y13         FDRE                                         r  reg_unit/data_q_reg[10]/C
                         clock pessimism              0.273    15.116    
                         clock uncertainty           -0.035    15.081    
    SLICE_X62Y13         FDRE (Setup_fdre_C_D)        0.029    15.110    reg_unit/data_q_reg[10]
  -------------------------------------------------------------------
                         required time                         15.110    
                         arrival time                          -9.848    
  -------------------------------------------------------------------
                         slack                                  5.262    

Slack (MET) :             5.285ns  (required time - arrival time)
  Source:                 sw_sync/data_q_reg[0]/C
                            (rising edge-triggered cell FDRE clocked by clk  {rise@0.000ns fall@5.000ns period=10.000ns})
  Destination:            reg_unit/data_q_reg[8]/D
                            (rising edge-triggered cell FDRE clocked by clk  {rise@0.000ns fall@5.000ns period=10.000ns})
  Path Group:             clk
  Path Type:              Setup (Max at Slow Process Corner)
  Requirement:            10.000ns  (clk rise@10.000ns - clk rise@0.000ns)
  Data Path Delay:        4.357ns  (logic 1.338ns (30.709%)  route 3.019ns (69.291%))
  Logic Levels:           4  (LUT5=3 LUT6=1)
  Clock Path Skew:        -0.040ns (DCD - SCD + CPR)
    Destination Clock Delay (DCD):    4.843ns = ( 14.843 - 10.000 ) 
    Source Clock Delay      (SCD):    5.141ns
    Clock Pessimism Removal (CPR):    0.259ns
  Clock Uncertainty:      0.035ns  ((TSJ^2 + TIJ^2)^1/2 + DJ) / 2 + PE
    Total System Jitter     (TSJ):    0.071ns
    Total Input Jitter      (TIJ):    0.000ns
    Discrete Jitter          (DJ):    0.000ns
    Phase Error              (PE):    0.000ns

    Location             Delay type                Incr(ns)  Path(ns)    Netlist Resource(s)
  -------------------------------------------------------------------    -------------------
                         (clock clk rise edge)        0.000     0.000 r  
    N15                                               0.000     0.000 r  clk (IN)
                         net (fo=0)                   0.000     0.000    clk
    N15                  IBUF (Prop_ibuf_I_O)         1.440     1.440 r  clk_IBUF_inst/O
                         net (fo=1, routed)           1.972     3.412    clk_IBUF
    BUFGCTRL_X0Y0        BUFG (Prop_bufg_I_O)         0.096     3.508 r  clk_IBUF_BUFG_inst/O
                         net (fo=91, routed)          1.633     5.141    sw_sync/clk_IBUF_BUFG
    SLICE_X63Y14         FDRE                                         r  sw_sync/data_q_reg[0]/C
  -------------------------------------------------------------------    -------------------
    SLICE_X63Y14         FDRE (Prop_fdre_C_Q)         0.456     5.597 r  sw_sync/data_q_reg[0]/Q
                         net (fo=11, routed)          1.029     6.626    sw_sync/data_q_reg[2]_0[0]
    SLICE_X62Y11         LUT6 (Prop_lut6_I0_O)        0.124     6.750 r  sw_sync/data_q[4]_i_2/O
                         net (fo=4, routed)           0.478     7.228    sw_sync/data_q[4]_i_2_n_0
    SLICE_X62Y12         LUT5 (Prop_lut5_I0_O)        0.118     7.346 r  sw_sync/data_q[6]_i_2/O
                         net (fo=3, routed)           0.710     8.055    sw_sync/data_q[6]_i_2_n_0
    SLICE_X61Y12         LUT5 (Prop_lut5_I0_O)        0.320     8.375 r  sw_sync/data_q[8]_i_2/O
                         net (fo=3, routed)           0.421     8.796    sw_sync/data_q[8]_i_2_n_0
    SLICE_X61Y13         LUT5 (Prop_lut5_I2_O)        0.320     9.116 r  sw_sync/data_q[8]_i_1/O
                         net (fo=1, routed)           0.382     9.498    reg_unit/D[6]
    SLICE_X61Y13         FDRE                                         r  reg_unit/data_q_reg[8]/D
  -------------------------------------------------------------------    -------------------

                         (clock clk rise edge)       10.000    10.000 r  
    N15                                               0.000    10.000 r  clk (IN)
                         net (fo=0)                   0.000    10.000    clk
    N15                  IBUF (Prop_ibuf_I_O)         1.370    11.370 r  clk_IBUF_inst/O
                         net (fo=1, routed)           1.868    13.238    clk_IBUF
    BUFGCTRL_X0Y0        BUFG (Prop_bufg_I_O)         0.091    13.329 r  clk_IBUF_BUFG_inst/O
                         net (fo=91, routed)          1.513    14.843    reg_unit/clk_IBUF_BUFG
    SLICE_X61Y13         FDRE                                         r  reg_unit/data_q_reg[8]/C
                         clock pessimism              0.259    15.101    
                         clock uncertainty           -0.035    15.066    
    SLICE_X61Y13         FDRE (Setup_fdre_C_D)       -0.283    14.783    reg_unit/data_q_reg[8]
  -------------------------------------------------------------------
                         required time                         14.783    
                         arrival time                          -9.498    
  -------------------------------------------------------------------
                         slack                                  5.285    

Slack (MET) :             5.550ns  (required time - arrival time)
  Source:                 sw_sync/data_q_reg[0]/C
                            (rising edge-triggered cell FDRE clocked by clk  {rise@0.000ns fall@5.000ns period=10.000ns})
  Destination:            reg_unit/data_q_reg[9]/D
                            (rising edge-triggered cell FDRE clocked by clk  {rise@0.000ns fall@5.000ns period=10.000ns})
  Path Group:             clk
  Path Type:              Setup (Max at Slow Process Corner)
  Requirement:            10.000ns  (clk rise@10.000ns - clk rise@0.000ns)
  Data Path Delay:        4.421ns  (logic 1.468ns (33.206%)  route 2.953ns (66.794%))
  Logic Levels:           5  (LUT3=1 LUT5=3 LUT6=1)
  Clock Path Skew:        -0.025ns (DCD - SCD + CPR)
    Destination Clock Delay (DCD):    4.844ns = ( 14.844 - 10.000 ) 
    Source Clock Delay      (SCD):    5.141ns
    Clock Pessimism Removal (CPR):    0.273ns
  Clock Uncertainty:      0.035ns  ((TSJ^2 + TIJ^2)^1/2 + DJ) / 2 + PE
    Total System Jitter     (TSJ):    0.071ns
    Total Input Jitter      (TIJ):    0.000ns
    Discrete Jitter          (DJ):    0.000ns
    Phase Error              (PE):    0.000ns

    Location             Delay type                Incr(ns)  Path(ns)    Netlist Resource(s)
  -------------------------------------------------------------------    -------------------
                         (clock clk rise edge)        0.000     0.000 r  
    N15                                               0.000     0.000 r  clk (IN)
                         net (fo=0)                   0.000     0.000    clk
    N15                  IBUF (Prop_ibuf_I_O)         1.440     1.440 r  clk_IBUF_inst/O
                         net (fo=1, routed)           1.972     3.412    clk_IBUF
    BUFGCTRL_X0Y0        BUFG (Prop_bufg_I_O)         0.096     3.508 r  clk_IBUF_BUFG_inst/O
                         net (fo=91, routed)          1.633     5.141    sw_sync/clk_IBUF_BUFG
    SLICE_X63Y14         FDRE                                         r  sw_sync/data_q_reg[0]/C
  -------------------------------------------------------------------    -------------------
    SLICE_X63Y14         FDRE (Prop_fdre_C_Q)         0.456     5.597 r  sw_sync/data_q_reg[0]/Q
                         net (fo=11, routed)          1.029     6.626    sw_sync/data_q_reg[2]_0[0]
    SLICE_X62Y11         LUT6 (Prop_lut6_I0_O)        0.124     6.750 r  sw_sync/data_q[4]_i_2/O
                         net (fo=4, routed)           0.478     7.228    sw_sync/data_q[4]_i_2_n_0
    SLICE_X62Y12         LUT5 (Prop_lut5_I0_O)        0.118     7.346 r  sw_sync/data_q[6]_i_2/O
                         net (fo=3, routed)           0.710     8.055    sw_sync/data_q[6]_i_2_n_0
    SLICE_X61Y12         LUT5 (Prop_lut5_I0_O)        0.320     8.375 r  sw_sync/data_q[8]_i_2/O
                         net (fo=3, routed)           0.421     8.796    sw_sync/data_q[8]_i_2_n_0
    SLICE_X61Y13         LUT5 (Prop_lut5_I0_O)        0.326     9.122 r  sw_sync/data_q[10]_i_2/O
                         net (fo=3, routed)           0.316     9.438    sw_sync/data_q[10]_i_2_n_0
    SLICE_X62Y13         LUT3 (Prop_lut3_I0_O)        0.124     9.562 r  sw_sync/data_q[9]_i_1/O
                         net (fo=1, routed)           0.000     9.562    reg_unit/D[7]
    SLICE_X62Y13         FDRE                                         r  reg_unit/data_q_reg[9]/D
  -------------------------------------------------------------------    -------------------

                         (clock clk rise edge)       10.000    10.000 r  
    N15                                               0.000    10.000 r  clk (IN)
                         net (fo=0)                   0.000    10.000    clk
    N15                  IBUF (Prop_ibuf_I_O)         1.370    11.370 r  clk_IBUF_inst/O
                         net (fo=1, routed)           1.868    13.238    clk_IBUF
    BUFGCTRL_X0Y0        BUFG (Prop_bufg_I_O)         0.091    13.329 r  clk_IBUF_BUFG_inst/O
                         net (fo=91, routed)          1.514    14.844    reg_unit/clk_IBUF_BUFG
    SLICE_X62Y13         FDRE                                         r  reg_unit/data_q_reg[9]/C
                         clock pessimism              0.273    15.116    
                         clock uncertainty           -0.035    15.081    
    SLICE_X62Y13         FDRE (Setup_fdre_C_D)        0.031    15.112    reg_unit/data_q_reg[9]
  -------------------------------------------------------------------
                         required time                         15.112    
                         arrival time                          -9.562    
  -------------------------------------------------------------------
                         slack                                  5.550    





Min Delay Paths
--------------------------------------------------------------------------------------
Slack (MET) :             0.165ns  (arrival time - required time)
  Source:                 button_sync[1]/ff1_reg/C
                            (rising edge-triggered cell FDRE clocked by clk  {rise@0.000ns fall@5.000ns period=10.000ns})
  Destination:            button_sync[1]/ff2_reg/D
                            (rising edge-triggered cell FDRE clocked by clk  {rise@0.000ns fall@5.000ns period=10.000ns})
  Path Group:             clk
  Path Type:              Hold (Min at Fast Process Corner)
  Requirement:            0.000ns  (clk rise@0.000ns - clk rise@0.000ns)
  Data Path Delay:        0.252ns  (logic 0.141ns (55.869%)  route 0.111ns (44.131%))
  Logic Levels:           0  
  Clock Path Skew:        0.017ns (DCD - SCD - CPR)
    Destination Clock Delay (DCD):    1.977ns
    Source Clock Delay      (SCD):    1.461ns
    Clock Pessimism Removal (CPR):    0.499ns

    Location             Delay type                Incr(ns)  Path(ns)    Netlist Resource(s)
  -------------------------------------------------------------------    -------------------
                         (clock clk rise edge)        0.000     0.000 r  
    N15                                               0.000     0.000 r  clk (IN)
                         net (fo=0)                   0.000     0.000    clk
    N15                  IBUF (Prop_ibuf_I_O)         0.209     0.209 r  clk_IBUF_inst/O
                         net (fo=1, routed)           0.634     0.843    clk_IBUF
    BUFGCTRL_X0Y0        BUFG (Prop_bufg_I_O)         0.026     0.869 r  clk_IBUF_BUFG_inst/O
                         net (fo=91, routed)          0.593     1.461    button_sync[1]/clk_IBUF_BUFG
    SLICE_X61Y7          FDRE                                         r  button_sync[1]/ff1_reg/C
  -------------------------------------------------------------------    -------------------
    SLICE_X61Y7          FDRE (Prop_fdre_C_Q)         0.141     1.602 r  button_sync[1]/ff1_reg/Q
                         net (fo=3, routed)           0.111     1.714    button_sync[1]/ff1
    SLICE_X59Y6          FDRE                                         r  button_sync[1]/ff2_reg/D
  -------------------------------------------------------------------    -------------------

                         (clock clk rise edge)        0.000     0.000 r  
    N15                                               0.000     0.000 r  clk (IN)
                         net (fo=0)                   0.000     0.000    clk
    N15                  IBUF (Prop_ibuf_I_O)         0.396     0.396 r  clk_IBUF_inst/O
                         net (fo=1, routed)           0.689     1.085    clk_IBUF
    BUFGCTRL_X0Y0        BUFG (Prop_bufg_I_O)         0.029     1.114 r  clk_IBUF_BUFG_inst/O
                         net (fo=91, routed)          0.864     1.977    button_sync[1]/clk_IBUF_BUFG
    SLICE_X59Y6          FDRE                                         r  button_sync[1]/ff2_reg/C
                         clock pessimism             -0.499     1.478    
    SLICE_X59Y6          FDRE (Hold_fdre_C_D)         0.070     1.548    button_sync[1]/ff2_reg
  -------------------------------------------------------------------
                         required time                         -1.548    
                         arrival time                           1.714    
  -------------------------------------------------------------------
                         slack                                  0.165    

Slack (MET) :             0.185ns  (arrival time - required time)
  Source:                 run_once/prev_in_reg/C
                            (rising edge-triggered cell FDRE clocked by clk  {rise@0.000ns fall@5.000ns period=10.000ns})
  Destination:            run_once/out_reg/D
                            (rising edge-triggered cell FDRE clocked by clk  {rise@0.000ns fall@5.000ns period=10.000ns})
  Path Group:             clk
  Path Type:              Hold (Min at Fast Process Corner)
  Requirement:            0.000ns  (clk rise@0.000ns - clk rise@0.000ns)
  Data Path Delay:        0.305ns  (logic 0.246ns (80.588%)  route 0.059ns (19.412%))
  Logic Levels:           1  (LUT2=1)
  Clock Path Skew:        0.000ns (DCD - SCD - CPR)
    Destination Clock Delay (DCD):    1.975ns
    Source Clock Delay      (SCD):    1.460ns
    Clock Pessimism Removal (CPR):    0.515ns

    Location             Delay type                Incr(ns)  Path(ns)    Netlist Resource(s)
  -------------------------------------------------------------------    -------------------
                         (clock clk rise edge)        0.000     0.000 r  
    N15                                               0.000     0.000 r  clk (IN)
                         net (fo=0)                   0.000     0.000    clk
    N15                  IBUF (Prop_ibuf_I_O)         0.209     0.209 r  clk_IBUF_inst/O
                         net (fo=1, routed)           0.634     0.843    clk_IBUF
    BUFGCTRL_X0Y0        BUFG (Prop_bufg_I_O)         0.026     0.869 r  clk_IBUF_BUFG_inst/O
                         net (fo=91, routed)          0.592     1.460    run_once/clk_IBUF_BUFG
    SLICE_X60Y11         FDRE                                         r  run_once/prev_in_reg/C
  -------------------------------------------------------------------    -------------------
    SLICE_X60Y11         FDRE (Prop_fdre_C_Q)         0.148     1.608 r  run_once/prev_in_reg/Q
                         net (fo=1, routed)           0.059     1.668    run_once/prev_in
    SLICE_X60Y11         LUT2 (Prop_lut2_I0_O)        0.098     1.766 r  run_once/out_i_1/O
                         net (fo=1, routed)           0.000     1.766    run_once/out_d
    SLICE_X60Y11         FDRE                                         r  run_once/out_reg/D
  -------------------------------------------------------------------    -------------------

                         (clock clk rise edge)        0.000     0.000 r  
    N15                                               0.000     0.000 r  clk (IN)
                         net (fo=0)                   0.000     0.000    clk
    N15                  IBUF (Prop_ibuf_I_O)         0.396     0.396 r  clk_IBUF_inst/O
                         net (fo=1, routed)           0.689     1.085    clk_IBUF
    BUFGCTRL_X0Y0        BUFG (Prop_bufg_I_O)         0.029     1.114 r  clk_IBUF_BUFG_inst/O
                         net (fo=91, routed)          0.862     1.975    run_once/clk_IBUF_BUFG
    SLICE_X60Y11         FDRE                                         r  run_once/out_reg/C
                         clock pessimism             -0.515     1.460    
    SLICE_X60Y11         FDRE (Hold_fdre_C_D)         0.120     1.580    run_once/out_reg
  -------------------------------------------------------------------
                         required time                         -1.580    
                         arrival time                           1.766    
  -------------------------------------------------------------------
                         slack                                  0.185    

Slack (MET) :             0.200ns  (arrival time - required time)
  Source:                 button_sync[0]/ff2_reg/C
                            (rising edge-triggered cell FDRE clocked by clk  {rise@0.000ns fall@5.000ns period=10.000ns})
  Destination:            button_sync[0]/q_reg/D
                            (rising edge-triggered cell FDRE clocked by clk  {rise@0.000ns fall@5.000ns period=10.000ns})
  Path Group:             clk
  Path Type:              Hold (Min at Fast Process Corner)
  Requirement:            0.000ns  (clk rise@0.000ns - clk rise@0.000ns)
  Data Path Delay:        0.320ns  (logic 0.246ns (76.992%)  route 0.074ns (23.008%))
  Logic Levels:           1  (LUT4=1)
  Clock Path Skew:        0.000ns (DCD - SCD - CPR)
    Destination Clock Delay (DCD):    1.969ns
    Source Clock Delay      (SCD):    1.456ns
    Clock Pessimism Removal (CPR):    0.513ns

    Location             Delay type                Incr(ns)  Path(ns)    Netlist Resource(s)
  -------------------------------------------------------------------    -------------------
                         (clock clk rise edge)        0.000     0.000 r  
    N15                                               0.000     0.000 r  clk (IN)
                         net (fo=0)                   0.000     0.000    clk
    N15                  IBUF (Prop_ibuf_I_O)         0.209     0.209 r  clk_IBUF_inst/O
                         net (fo=1, routed)           0.634     0.843    clk_IBUF
    BUFGCTRL_X0Y0        BUFG (Prop_bufg_I_O)         0.026     0.869 r  clk_IBUF_BUFG_inst/O
                         net (fo=91, routed)          0.588     1.456    button_sync[0]/clk_IBUF_BUFG
    SLICE_X60Y17         FDRE                                         r  button_sync[0]/ff2_reg/C
  -------------------------------------------------------------------    -------------------
    SLICE_X60Y17         FDRE (Prop_fdre_C_Q)         0.148     1.604 r  button_sync[0]/ff2_reg/Q
                         net (fo=2, routed)           0.074     1.678    button_sync[0]/ff2
    SLICE_X60Y17         LUT4 (Prop_lut4_I1_O)        0.098     1.776 r  button_sync[0]/q_i_1/O
                         net (fo=1, routed)           0.000     1.776    button_sync[0]/q_i_1_n_0
    SLICE_X60Y17         FDRE                                         r  button_sync[0]/q_reg/D
  -------------------------------------------------------------------    -------------------

                         (clock clk rise edge)        0.000     0.000 r  
    N15                                               0.000     0.000 r  clk (IN)
                         net (fo=0)                   0.000     0.000    clk
    N15                  IBUF (Prop_ibuf_I_O)         0.396     0.396 r  clk_IBUF_inst/O
                         net (fo=1, routed)           0.689     1.085    clk_IBUF
    BUFGCTRL_X0Y0        BUFG (Prop_bufg_I_O)         0.029     1.114 r  clk_IBUF_BUFG_inst/O
                         net (fo=91, routed)          0.856     1.969    button_sync[0]/clk_IBUF_BUFG
    SLICE_X60Y17         FDRE                                         r  button_sync[0]/q_reg/C
                         clock pessimism             -0.513     1.456    
    SLICE_X60Y17         FDRE (Hold_fdre_C_D)         0.120     1.576    button_sync[0]/q_reg
  -------------------------------------------------------------------
                         required time                         -1.576    
                         arrival time                           1.776    
  -------------------------------------------------------------------
                         slack                                  0.200    

Slack (MET) :             0.210ns  (arrival time - required time)
  Source:                 button_sync[1]/q_reg/C
                            (rising edge-triggered cell FDRE clocked by clk  {rise@0.000ns fall@5.000ns period=10.000ns})
  Destination:            button_sync[1]/q_reg/D
                            (rising edge-triggered cell FDRE clocked by clk  {rise@0.000ns fall@5.000ns period=10.000ns})
  Path Group:             clk
  Path Type:              Hold (Min at Fast Process Corner)
  Requirement:            0.000ns  (clk rise@0.000ns - clk rise@0.000ns)
  Data Path Delay:        0.301ns  (logic 0.186ns (61.784%)  route 0.115ns (38.216%))
  Logic Levels:           1  (LUT4=1)
  Clock Path Skew:        0.000ns (DCD - SCD - CPR)
    Destination Clock Delay (DCD):    1.976ns
    Source Clock Delay      (SCD):    1.461ns
    Clock Pessimism Removal (CPR):    0.515ns

    Location             Delay type                Incr(ns)  Path(ns)    Netlist Resource(s)
  -------------------------------------------------------------------    -------------------
                         (clock clk rise edge)        0.000     0.000 r  
    N15                                               0.000     0.000 r  clk (IN)
                         net (fo=0)                   0.000     0.000    clk
    N15                  IBUF (Prop_ibuf_I_O)         0.209     0.209 r  clk_IBUF_inst/O
                         net (fo=1, routed)           0.634     0.843    clk_IBUF
    BUFGCTRL_X0Y0        BUFG (Prop_bufg_I_O)         0.026     0.869 r  clk_IBUF_BUFG_inst/O
                         net (fo=91, routed)          0.593     1.461    button_sync[1]/clk_IBUF_BUFG
    SLICE_X59Y7          FDRE                                         r  button_sync[1]/q_reg/C
  -------------------------------------------------------------------    -------------------
    SLICE_X59Y7          FDRE (Prop_fdre_C_Q)         0.141     1.602 r  button_sync[1]/q_reg/Q
                         net (fo=56, routed)          0.115     1.717    button_sync[1]/reset_s
    SLICE_X59Y7          LUT4 (Prop_lut4_I3_O)        0.045     1.762 r  button_sync[1]/q_i_1__0/O
                         net (fo=1, routed)           0.000     1.762    button_sync[1]/q_i_1__0_n_0
    SLICE_X59Y7          FDRE                                         r  button_sync[1]/q_reg/D
  -------------------------------------------------------------------    -------------------

                         (clock clk rise edge)        0.000     0.000 r  
    N15                                               0.000     0.000 r  clk (IN)
                         net (fo=0)                   0.000     0.000    clk
    N15                  IBUF (Prop_ibuf_I_O)         0.396     0.396 r  clk_IBUF_inst/O
                         net (fo=1, routed)           0.689     1.085    clk_IBUF
    BUFGCTRL_X0Y0        BUFG (Prop_bufg_I_O)         0.029     1.114 r  clk_IBUF_BUFG_inst/O
                         net (fo=91, routed)          0.863     1.976    button_sync[1]/clk_IBUF_BUFG
    SLICE_X59Y7          FDRE                                         r  button_sync[1]/q_reg/C
                         clock pessimism             -0.515     1.461    
    SLICE_X59Y7          FDRE (Hold_fdre_C_D)         0.091     1.552    button_sync[1]/q_reg
  -------------------------------------------------------------------
                         required time                         -1.552    
                         arrival time                           1.762    
  -------------------------------------------------------------------
                         slack                                  0.210    

Slack (MET) :             0.223ns  (arrival time - required time)
  Source:                 button_sync[0]/ff1_reg/C
                            (rising edge-triggered cell FDRE clocked by clk  {rise@0.000ns fall@5.000ns period=10.000ns})
  Destination:            button_sync[0]/ff2_reg/D
                            (rising edge-triggered cell FDRE clocked by clk  {rise@0.000ns fall@5.000ns period=10.000ns})
  Path Group:             clk
  Path Type:              Hold (Min at Fast Process Corner)
  Requirement:            0.000ns  (clk rise@0.000ns - clk rise@0.000ns)
  Data Path Delay:        0.299ns  (logic 0.164ns (54.909%)  route 0.135ns (45.091%))
  Logic Levels:           0  
  Clock Path Skew:        0.016ns (DCD - SCD - CPR)
    Destination Clock Delay (DCD):    1.969ns
    Source Clock Delay      (SCD):    1.454ns
    Clock Pessimism Removal (CPR):    0.499ns

    Location             Delay type                Incr(ns)  Path(ns)    Netlist Resource(s)
  -------------------------------------------------------------------    -------------------
                         (clock clk rise edge)        0.000     0.000 r  
    N15                                               0.000     0.000 r  clk (IN)
                         net (fo=0)                   0.000     0.000    clk
    N15                  IBUF (Prop_ibuf_I_O)         0.209     0.209 r  clk_IBUF_inst/O
                         net (fo=1, routed)           0.634     0.843    clk_IBUF
    BUFGCTRL_X0Y0        BUFG (Prop_bufg_I_O)         0.026     0.869 r  clk_IBUF_BUFG_inst/O
                         net (fo=91, routed)          0.586     1.454    button_sync[0]/clk_IBUF_BUFG
    SLICE_X60Y19         FDRE                                         r  button_sync[0]/ff1_reg/C
  -------------------------------------------------------------------    -------------------
    SLICE_X60Y19         FDRE (Prop_fdre_C_Q)         0.164     1.618 r  button_sync[0]/ff1_reg/Q
                         net (fo=3, routed)           0.135     1.753    button_sync[0]/ff1
    SLICE_X60Y17         FDRE                                         r  button_sync[0]/ff2_reg/D
  -------------------------------------------------------------------    -------------------

                         (clock clk rise edge)        0.000     0.000 r  
    N15                                               0.000     0.000 r  clk (IN)
                         net (fo=0)                   0.000     0.000    clk
    N15                  IBUF (Prop_ibuf_I_O)         0.396     0.396 r  clk_IBUF_inst/O
                         net (fo=1, routed)           0.689     1.085    clk_IBUF
    BUFGCTRL_X0Y0        BUFG (Prop_bufg_I_O)         0.029     1.114 r  clk_IBUF_BUFG_inst/O
                         net (fo=91, routed)          0.856     1.969    button_sync[0]/clk_IBUF_BUFG
    SLICE_X60Y17         FDRE                                         r  button_sync[0]/ff2_reg/C
                         clock pessimism             -0.499     1.470    
    SLICE_X60Y17         FDRE (Hold_fdre_C_D)         0.060     1.530    button_sync[0]/ff2_reg
  -------------------------------------------------------------------
                         required time                         -1.530    
                         arrival time                           1.753    
  -------------------------------------------------------------------
                         slack                                  0.223    

Slack (MET) :             0.254ns  (arrival time - required time)
  Source:                 button_sync[1]/counter_reg[2]/C
                            (rising edge-triggered cell FDRE clocked by clk  {rise@0.000ns fall@5.000ns period=10.000ns})
  Destination:            button_sync[1]/counter_reg[2]/D
                            (rising edge-triggered cell FDRE clocked by clk  {rise@0.000ns fall@5.000ns period=10.000ns})
  Path Group:             clk
  Path Type:              Hold (Min at Fast Process Corner)
  Requirement:            0.000ns  (clk rise@0.000ns - clk rise@0.000ns)
  Data Path Delay:        0.388ns  (logic 0.274ns (70.550%)  route 0.114ns (29.450%))
  Logic Levels:           1  (CARRY4=1)
  Clock Path Skew:        0.000ns (DCD - SCD - CPR)
    Destination Clock Delay (DCD):    1.977ns
    Source Clock Delay      (SCD):    1.462ns
    Clock Pessimism Removal (CPR):    0.515ns

    Location             Delay type                Incr(ns)  Path(ns)    Netlist Resource(s)
  -------------------------------------------------------------------    -------------------
                         (clock clk rise edge)        0.000     0.000 r  
    N15                                               0.000     0.000 r  clk (IN)
                         net (fo=0)                   0.000     0.000    clk
    N15                  IBUF (Prop_ibuf_I_O)         0.209     0.209 r  clk_IBUF_inst/O
                         net (fo=1, routed)           0.634     0.843    clk_IBUF
    BUFGCTRL_X0Y0        BUFG (Prop_bufg_I_O)         0.026     0.869 r  clk_IBUF_BUFG_inst/O
                         net (fo=91, routed)          0.594     1.462    button_sync[1]/clk_IBUF_BUFG
    SLICE_X60Y5          FDRE                                         r  button_sync[1]/counter_reg[2]/C
  -------------------------------------------------------------------    -------------------
    SLICE_X60Y5          FDRE (Prop_fdre_C_Q)         0.164     1.626 r  button_sync[1]/counter_reg[2]/Q
                         net (fo=1, routed)           0.114     1.741    button_sync[1]/counter_reg_n_0_[2]
    SLICE_X60Y5          CARRY4 (Prop_carry4_S[2]_O[2])
                                                      0.110     1.851 r  button_sync[1]/counter_reg[0]_i_3/O[2]
                         net (fo=1, routed)           0.000     1.851    button_sync[1]/counter_reg[0]_i_3_n_5
    SLICE_X60Y5          FDRE                                         r  button_sync[1]/counter_reg[2]/D
  -------------------------------------------------------------------    -------------------

                         (clock clk rise edge)        0.000     0.000 r  
    N15                                               0.000     0.000 r  clk (IN)
                         net (fo=0)                   0.000     0.000    clk
    N15                  IBUF (Prop_ibuf_I_O)         0.396     0.396 r  clk_IBUF_inst/O
                         net (fo=1, routed)           0.689     1.085    clk_IBUF
    BUFGCTRL_X0Y0        BUFG (Prop_bufg_I_O)         0.029     1.114 r  clk_IBUF_BUFG_inst/O
                         net (fo=91, routed)          0.864     1.977    button_sync[1]/clk_IBUF_BUFG
    SLICE_X60Y5          FDRE                                         r  button_sync[1]/counter_reg[2]/C
                         clock pessimism             -0.515     1.462    
    SLICE_X60Y5          FDRE (Hold_fdre_C_D)         0.134     1.596    button_sync[1]/counter_reg[2]
  -------------------------------------------------------------------
                         required time                         -1.596    
                         arrival time                           1.851    
  -------------------------------------------------------------------
                         slack                                  0.254    

Slack (MET) :             0.254ns  (arrival time - required time)
  Source:                 button_sync[1]/counter_reg[6]/C
                            (rising edge-triggered cell FDRE clocked by clk  {rise@0.000ns fall@5.000ns period=10.000ns})
  Destination:            button_sync[1]/counter_reg[6]/D
                            (rising edge-triggered cell FDRE clocked by clk  {rise@0.000ns fall@5.000ns period=10.000ns})
  Path Group:             clk
  Path Type:              Hold (Min at Fast Process Corner)
  Requirement:            0.000ns  (clk rise@0.000ns - clk rise@0.000ns)
  Data Path Delay:        0.388ns  (logic 0.274ns (70.550%)  route 0.114ns (29.450%))
  Logic Levels:           1  (CARRY4=1)
  Clock Path Skew:        0.000ns (DCD - SCD - CPR)
    Destination Clock Delay (DCD):    1.977ns
    Source Clock Delay      (SCD):    1.462ns
    Clock Pessimism Removal (CPR):    0.515ns

    Location             Delay type                Incr(ns)  Path(ns)    Netlist Resource(s)
  -------------------------------------------------------------------    -------------------
                         (clock clk rise edge)        0.000     0.000 r  
    N15                                               0.000     0.000 r  clk (IN)
                         net (fo=0)                   0.000     0.000    clk
    N15                  IBUF (Prop_ibuf_I_O)         0.209     0.209 r  clk_IBUF_inst/O
                         net (fo=1, routed)           0.634     0.843    clk_IBUF
    BUFGCTRL_X0Y0        BUFG (Prop_bufg_I_O)         0.026     0.869 r  clk_IBUF_BUFG_inst/O
                         net (fo=91, routed)          0.594     1.462    button_sync[1]/clk_IBUF_BUFG
    SLICE_X60Y6          FDRE                                         r  button_sync[1]/counter_reg[6]/C
  -------------------------------------------------------------------    -------------------
    SLICE_X60Y6          FDRE (Prop_fdre_C_Q)         0.164     1.626 r  button_sync[1]/counter_reg[6]/Q
                         net (fo=1, routed)           0.114     1.741    button_sync[1]/counter_reg_n_0_[6]
    SLICE_X60Y6          CARRY4 (Prop_carry4_S[2]_O[2])
                                                      0.110     1.851 r  button_sync[1]/counter_reg[4]_i_1__0/O[2]
                         net (fo=1, routed)           0.000     1.851    button_sync[1]/counter_reg[4]_i_1__0_n_5
    SLICE_X60Y6          FDRE                                         r  button_sync[1]/counter_reg[6]/D
  -------------------------------------------------------------------    -------------------

                         (clock clk rise edge)        0.000     0.000 r  
    N15                                               0.000     0.000 r  clk (IN)
                         net (fo=0)                   0.000     0.000    clk
    N15                  IBUF (Prop_ibuf_I_O)         0.396     0.396 r  clk_IBUF_inst/O
                         net (fo=1, routed)           0.689     1.085    clk_IBUF
    BUFGCTRL_X0Y0        BUFG (Prop_bufg_I_O)         0.029     1.114 r  clk_IBUF_BUFG_inst/O
                         net (fo=91, routed)          0.864     1.977    button_sync[1]/clk_IBUF_BUFG
    SLICE_X60Y6          FDRE                                         r  button_sync[1]/counter_reg[6]/C
                         clock pessimism             -0.515     1.462    
    SLICE_X60Y6          FDRE (Hold_fdre_C_D)         0.134     1.596    button_sync[1]/counter_reg[6]
  -------------------------------------------------------------------
                         required time                         -1.596    
                         arrival time                           1.851    
  -------------------------------------------------------------------
                         slack                                  0.254    

Slack (MET) :             0.254ns  (arrival time - required time)
  Source:                 button_sync[0]/counter_reg[6]/C
                            (rising edge-triggered cell FDRE clocked by clk  {rise@0.000ns fall@5.000ns period=10.000ns})
  Destination:            button_sync[0]/counter_reg[6]/D
                            (rising edge-triggered cell FDRE clocked by clk  {rise@0.000ns fall@5.000ns period=10.000ns})
  Path Group:             clk
  Path Type:              Hold (Min at Fast Process Corner)
  Requirement:            0.000ns  (clk rise@0.000ns - clk rise@0.000ns)
  Data Path Delay:        0.388ns  (logic 0.274ns (70.550%)  route 0.114ns (29.450%))
  Logic Levels:           1  (CARRY4=1)
  Clock Path Skew:        0.000ns (DCD - SCD - CPR)
    Destination Clock Delay (DCD):    1.972ns
    Source Clock Delay      (SCD):    1.458ns
    Clock Pessimism Removal (CPR):    0.514ns

    Location             Delay type                Incr(ns)  Path(ns)    Netlist Resource(s)
  -------------------------------------------------------------------    -------------------
                         (clock clk rise edge)        0.000     0.000 r  
    N15                                               0.000     0.000 r  clk (IN)
                         net (fo=0)                   0.000     0.000    clk
    N15                  IBUF (Prop_ibuf_I_O)         0.209     0.209 r  clk_IBUF_inst/O
                         net (fo=1, routed)           0.634     0.843    clk_IBUF
    BUFGCTRL_X0Y0        BUFG (Prop_bufg_I_O)         0.026     0.869 r  clk_IBUF_BUFG_inst/O
                         net (fo=91, routed)          0.590     1.458    button_sync[0]/clk_IBUF_BUFG
    SLICE_X60Y14         FDRE                                         r  button_sync[0]/counter_reg[6]/C
  -------------------------------------------------------------------    -------------------
    SLICE_X60Y14         FDRE (Prop_fdre_C_Q)         0.164     1.622 r  button_sync[0]/counter_reg[6]/Q
                         net (fo=1, routed)           0.114     1.737    button_sync[0]/counter_reg_n_0_[6]
    SLICE_X60Y14         CARRY4 (Prop_carry4_S[2]_O[2])
                                                      0.110     1.847 r  button_sync[0]/counter_reg[4]_i_1__1/O[2]
                         net (fo=1, routed)           0.000     1.847    button_sync[0]/counter_reg[4]_i_1__1_n_5
    SLICE_X60Y14         FDRE                                         r  button_sync[0]/counter_reg[6]/D
  -------------------------------------------------------------------    -------------------

                         (clock clk rise edge)        0.000     0.000 r  
    N15                                               0.000     0.000 r  clk (IN)
                         net (fo=0)                   0.000     0.000    clk
    N15                  IBUF (Prop_ibuf_I_O)         0.396     0.396 r  clk_IBUF_inst/O
                         net (fo=1, routed)           0.689     1.085    clk_IBUF
    BUFGCTRL_X0Y0        BUFG (Prop_bufg_I_O)         0.029     1.114 r  clk_IBUF_BUFG_inst/O
                         net (fo=91, routed)          0.859     1.972    button_sync[0]/clk_IBUF_BUFG
    SLICE_X60Y14         FDRE                                         r  button_sync[0]/counter_reg[6]/C
                         clock pessimism             -0.514     1.458    
    SLICE_X60Y14         FDRE (Hold_fdre_C_D)         0.134     1.592    button_sync[0]/counter_reg[6]
  -------------------------------------------------------------------
                         required time                         -1.592    
                         arrival time                           1.847    
  -------------------------------------------------------------------
                         slack                                  0.254    

Slack (MET) :             0.254ns  (arrival time - required time)
  Source:                 hex_a/counter_reg[10]/C
                            (rising edge-triggered cell FDRE clocked by clk  {rise@0.000ns fall@5.000ns period=10.000ns})
  Destination:            hex_a/counter_reg[10]/D
                            (rising edge-triggered cell FDRE clocked by clk  {rise@0.000ns fall@5.000ns period=10.000ns})
  Path Group:             clk
  Path Type:              Hold (Min at Fast Process Corner)
  Requirement:            0.000ns  (clk rise@0.000ns - clk rise@0.000ns)
  Data Path Delay:        0.388ns  (logic 0.274ns (70.550%)  route 0.114ns (29.450%))
  Logic Levels:           1  (CARRY4=1)
  Clock Path Skew:        0.000ns (DCD - SCD - CPR)
    Destination Clock Delay (DCD):    1.978ns
    Source Clock Delay      (SCD):    1.462ns
    Clock Pessimism Removal (CPR):    0.516ns

    Location             Delay type                Incr(ns)  Path(ns)    Netlist Resource(s)
  -------------------------------------------------------------------    -------------------
                         (clock clk rise edge)        0.000     0.000 r  
    N15                                               0.000     0.000 r  clk (IN)
                         net (fo=0)                   0.000     0.000    clk
    N15                  IBUF (Prop_ibuf_I_O)         0.209     0.209 r  clk_IBUF_inst/O
                         net (fo=1, routed)           0.634     0.843    clk_IBUF
    BUFGCTRL_X0Y0        BUFG (Prop_bufg_I_O)         0.026     0.869 r  clk_IBUF_BUFG_inst/O
                         net (fo=91, routed)          0.594     1.462    hex_a/clk_IBUF_BUFG
    SLICE_X64Y9          FDRE                                         r  hex_a/counter_reg[10]/C
  -------------------------------------------------------------------    -------------------
    SLICE_X64Y9          FDRE (Prop_fdre_C_Q)         0.164     1.626 r  hex_a/counter_reg[10]/Q
                         net (fo=1, routed)           0.114     1.741    hex_a/counter_reg_n_0_[10]
    SLICE_X64Y9          CARRY4 (Prop_carry4_S[2]_O[2])
                                                      0.110     1.851 r  hex_a/counter_reg[8]_i_1/O[2]
                         net (fo=1, routed)           0.000     1.851    hex_a/counter_reg[8]_i_1_n_5
    SLICE_X64Y9          FDRE                                         r  hex_a/counter_reg[10]/D
  -------------------------------------------------------------------    -------------------

                         (clock clk rise edge)        0.000     0.000 r  
    N15                                               0.000     0.000 r  clk (IN)
                         net (fo=0)                   0.000     0.000    clk
    N15                  IBUF (Prop_ibuf_I_O)         0.396     0.396 r  clk_IBUF_inst/O
                         net (fo=1, routed)           0.689     1.085    clk_IBUF
    BUFGCTRL_X0Y0        BUFG (Prop_bufg_I_O)         0.029     1.114 r  clk_IBUF_BUFG_inst/O
                         net (fo=91, routed)          0.865     1.978    hex_a/clk_IBUF_BUFG
    SLICE_X64Y9          FDRE                                         r  hex_a/counter_reg[10]/C
                         clock pessimism             -0.516     1.462    
    SLICE_X64Y9          FDRE (Hold_fdre_C_D)         0.134     1.596    hex_a/counter_reg[10]
  -------------------------------------------------------------------
                         required time                         -1.596    
                         arrival time                           1.851    
  -------------------------------------------------------------------
                         slack                                  0.254    

Slack (MET) :             0.254ns  (arrival time - required time)
  Source:                 hex_a/counter_reg[2]/C
                            (rising edge-triggered cell FDRE clocked by clk  {rise@0.000ns fall@5.000ns period=10.000ns})
  Destination:            hex_a/counter_reg[2]/D
                            (rising edge-triggered cell FDRE clocked by clk  {rise@0.000ns fall@5.000ns period=10.000ns})
  Path Group:             clk
  Path Type:              Hold (Min at Fast Process Corner)
  Requirement:            0.000ns  (clk rise@0.000ns - clk rise@0.000ns)
  Data Path Delay:        0.388ns  (logic 0.274ns (70.550%)  route 0.114ns (29.450%))
  Logic Levels:           1  (CARRY4=1)
  Clock Path Skew:        0.000ns (DCD - SCD - CPR)
    Destination Clock Delay (DCD):    1.978ns
    Source Clock Delay      (SCD):    1.462ns
    Clock Pessimism Removal (CPR):    0.516ns

    Location             Delay type                Incr(ns)  Path(ns)    Netlist Resource(s)
  -------------------------------------------------------------------    -------------------
                         (clock clk rise edge)        0.000     0.000 r  
    N15                                               0.000     0.000 r  clk (IN)
                         net (fo=0)                   0.000     0.000    clk
    N15                  IBUF (Prop_ibuf_I_O)         0.209     0.209 r  clk_IBUF_inst/O
                         net (fo=1, routed)           0.634     0.843    clk_IBUF
    BUFGCTRL_X0Y0        BUFG (Prop_bufg_I_O)         0.026     0.869 r  clk_IBUF_BUFG_inst/O
                         net (fo=91, routed)          0.594     1.462    hex_a/clk_IBUF_BUFG
    SLICE_X64Y7          FDRE                                         r  hex_a/counter_reg[2]/C
  -------------------------------------------------------------------    -------------------
    SLICE_X64Y7          FDRE (Prop_fdre_C_Q)         0.164     1.626 r  hex_a/counter_reg[2]/Q
                         net (fo=1, routed)           0.114     1.741    hex_a/counter_reg_n_0_[2]
    SLICE_X64Y7          CARRY4 (Prop_carry4_S[2]_O[2])
                                                      0.110     1.851 r  hex_a/counter_reg[0]_i_1/O[2]
                         net (fo=1, routed)           0.000     1.851    hex_a/counter_reg[0]_i_1_n_5
    SLICE_X64Y7          FDRE                                         r  hex_a/counter_reg[2]/D
  -------------------------------------------------------------------    -------------------

                         (clock clk rise edge)        0.000     0.000 r  
    N15                                               0.000     0.000 r  clk (IN)
                         net (fo=0)                   0.000     0.000    clk
    N15                  IBUF (Prop_ibuf_I_O)         0.396     0.396 r  clk_IBUF_inst/O
                         net (fo=1, routed)           0.689     1.085    clk_IBUF
    BUFGCTRL_X0Y0        BUFG (Prop_bufg_I_O)         0.029     1.114 r  clk_IBUF_BUFG_inst/O
                         net (fo=91, routed)          0.865     1.978    hex_a/clk_IBUF_BUFG
    SLICE_X64Y7          FDRE                                         r  hex_a/counter_reg[2]/C
                         clock pessimism             -0.516     1.462    
    SLICE_X64Y7          FDRE (Hold_fdre_C_D)         0.134     1.596    hex_a/counter_reg[2]
  -------------------------------------------------------------------
                         required time                         -1.596    
                         arrival time                           1.851    
  -------------------------------------------------------------------
                         slack                                  0.254    





Pulse Width Checks
--------------------------------------------------------------------------------------
Clock Name:         clk
Waveform(ns):       { 0.000 5.000 }
Period(ns):         10.000
Sources:            { clk }

Check Type        Corner  Lib Pin  Reference Pin  Required(ns)  Actual(ns)  Slack(ns)  Location       Pin
Min Period        n/a     BUFG/I   n/a            2.155         10.000      7.845      BUFGCTRL_X0Y0  clk_IBUF_BUFG_inst/I
Min Period        n/a     FDRE/C   n/a            1.000         10.000      9.000      SLICE_X60Y13   button_sync[0]/counter_reg[0]/C
Min Period        n/a     FDRE/C   n/a            1.000         10.000      9.000      SLICE_X60Y15   button_sync[0]/counter_reg[10]/C
Min Period        n/a     FDRE/C   n/a            1.000         10.000      9.000      SLICE_X60Y15   button_sync[0]/counter_reg[11]/C
Min Period        n/a     FDRE/C   n/a            1.000         10.000      9.000      SLICE_X60Y16   button_sync[0]/counter_reg[12]/C
Min Period        n/a     FDRE/C   n/a            1.000         10.000      9.000      SLICE_X60Y16   button_sync[0]/counter_reg[13]/C
Min Period        n/a     FDRE/C   n/a            1.000         10.000      9.000      SLICE_X60Y16   button_sync[0]/counter_reg[14]/C
Min Period        n/a     FDRE/C   n/a            1.000         10.000      9.000      SLICE_X60Y16   button_sync[0]/counter_reg[15]/C
Min Period        n/a     FDRE/C   n/a            1.000         10.000      9.000      SLICE_X60Y13   button_sync[0]/counter_reg[1]/C
Min Period        n/a     FDRE/C   n/a            1.000         10.000      9.000      SLICE_X60Y13   button_sync[0]/counter_reg[2]/C
Low Pulse Width   Slow    FDRE/C   n/a            0.500         5.000       4.500      SLICE_X60Y13   button_sync[0]/counter_reg[0]/C
Low Pulse Width   Fast    FDRE/C   n/a            0.500         5.000       4.500      SLICE_X60Y13   button_sync[0]/counter_reg[0]/C
Low Pulse Width   Slow    FDRE/C   n/a            0.500         5.000       4.500      SLICE_X60Y15   button_sync[0]/counter_reg[10]/C
Low Pulse Width   Fast    FDRE/C   n/a            0.500         5.000       4.500      SLICE_X60Y15   button_sync[0]/counter_reg[10]/C
Low Pulse Width   Slow    FDRE/C   n/a            0.500         5.000       4.500      SLICE_X60Y15   button_sync[0]/counter_reg[11]/C
Low Pulse Width   Fast    FDRE/C   n/a            0.500         5.000       4.500      SLICE_X60Y15   button_sync[0]/counter_reg[11]/C
Low Pulse Width   Slow    FDRE/C   n/a            0.500         5.000       4.500      SLICE_X60Y16   button_sync[0]/counter_reg[12]/C
Low Pulse Width   Fast    FDRE/C   n/a            0.500         5.000       4.500      SLICE_X60Y16   button_sync[0]/counter_reg[12]/C
Low Pulse Width   Slow    FDRE/C   n/a            0.500         5.000       4.500      SLICE_X60Y16   button_sync[0]/counter_reg[13]/C
Low Pulse Width   Fast    FDRE/C   n/a            0.500         5.000       4.500      SLICE_X60Y16   button_sync[0]/counter_reg[13]/C
High Pulse Width  Slow    FDRE/C   n/a            0.500         5.000       4.500      SLICE_X60Y13   button_sync[0]/counter_reg[0]/C
High Pulse Width  Fast    FDRE/C   n/a            0.500         5.000       4.500      SLICE_X60Y13   button_sync[0]/counter_reg[0]/C
High Pulse Width  Slow    FDRE/C   n/a            0.500         5.000       4.500      SLICE_X60Y15   button_sync[0]/counter_reg[10]/C
High Pulse Width  Fast    FDRE/C   n/a            0.500         5.000       4.500      SLICE_X60Y15   button_sync[0]/counter_reg[10]/C
High Pulse Width  Slow    FDRE/C   n/a            0.500         5.000       4.500      SLICE_X60Y15   button_sync[0]/counter_reg[11]/C
High Pulse Width  Fast    FDRE/C   n/a            0.500         5.000       4.500      SLICE_X60Y15   button_sync[0]/counter_reg[11]/C
High Pulse Width  Slow    FDRE/C   n/a            0.500         5.000       4.500      SLICE_X60Y16   button_sync[0]/counter_reg[12]/C
High Pulse Width  Fast    FDRE/C   n/a            0.500         5.000       4.500      SLICE_X60Y16   button_sync[0]/counter_reg[12]/C
High Pulse Width  Slow    FDRE/C   n/a            0.500         5.000       4.500      SLICE_X60Y16   button_sync[0]/counter_reg[13]/C
High Pulse Width  Fast    FDRE/C   n/a            0.500         5.000       4.500      SLICE_X60Y16   button_sync[0]/counter_reg[13]/C



--------------------------------------------------------------------------------------
Path Group:  (none)
From Clock:  clk
  To Clock:  

Max Delay            40 Endpoints
Min Delay            40 Endpoints
--------------------------------------------------------------------------------------


Max Delay Paths
--------------------------------------------------------------------------------------
Slack:                    inf
  Source:                 button_sync[1]/q_reg/C
                            (rising edge-triggered cell FDRE clocked by clk  {rise@0.000ns fall@5.000ns period=10.000ns})
  Destination:            hex_seg_a[2]
                            (output port)
  Path Group:             (none)
  Path Type:              Max at Slow Process Corner
  Data Path Delay:        13.338ns  (logic 4.308ns (32.299%)  route 9.030ns (67.701%))
  Logic Levels:           5  (LUT3=1 LUT5=1 LUT6=2 OBUF=1)
  Clock Uncertainty:      0.025ns  ((TSJ^2 + TIJ^2)^1/2 + DJ) / 2 + PE
    Total System Jitter     (TSJ):    0.050ns
    Total Input Jitter      (TIJ):    0.000ns
    Discrete Jitter          (DJ):    0.000ns
    Phase Error              (PE):    0.000ns

    Location             Delay type                Incr(ns)  Path(ns)    Netlist Resource(s)
  -------------------------------------------------------------------    -------------------
                         (clock clk rise edge)        0.000     0.000 r  
    N15                                               0.000     0.000 r  clk (IN)
                         net (fo=0)                   0.000     0.000    clk
    N15                  IBUF (Prop_ibuf_I_O)         1.440     1.440 r  clk_IBUF_inst/O
                         net (fo=1, routed)           1.972     3.412    clk_IBUF
    BUFGCTRL_X0Y0        BUFG (Prop_bufg_I_O)         0.096     3.508 r  clk_IBUF_BUFG_inst/O
                         net (fo=91, routed)          1.636     5.144    button_sync[1]/clk_IBUF_BUFG
    SLICE_X59Y7          FDRE                                         r  button_sync[1]/q_reg/C
  -------------------------------------------------------------------    -------------------
    SLICE_X59Y7          FDRE (Prop_fdre_C_Q)         0.456     5.600 r  button_sync[1]/q_reg/Q
                         net (fo=56, routed)          2.389     7.989    hex_a/reset_s
    SLICE_X59Y13         LUT3 (Prop_lut3_I1_O)        0.152     8.141 r  hex_a/hex_grid_a_OBUF[0]_inst_i_1/O
                         net (fo=10, routed)          0.792     8.934    sw_sync/hex_grid_b_OBUF[0]
    SLICE_X60Y12         LUT5 (Prop_lut5_I0_O)        0.319     9.253 f  sw_sync/hex_seg_a_OBUF[2]_inst_i_6/O
                         net (fo=1, routed)           0.504     9.757    sw_sync/hex_seg_a_OBUF[2]_inst_i_6_n_0
    SLICE_X61Y12         LUT6 (Prop_lut6_I5_O)        0.348    10.105 f  sw_sync/hex_seg_a_OBUF[2]_inst_i_4/O
                         net (fo=1, routed)           0.812    10.917    sw_sync/hex_seg_a_OBUF[2]_inst_i_4_n_0
    SLICE_X63Y12         LUT6 (Prop_lut6_I5_O)        0.124    11.041 r  sw_sync/hex_seg_a_OBUF[2]_inst_i_1/O
                         net (fo=1, routed)           4.532    15.573    hex_seg_a_OBUF[2]
    D5                   OBUF (Prop_obuf_I_O)         2.909    18.482 r  hex_seg_a_OBUF[2]_inst/O
                         net (fo=0)                   0.000    18.482    hex_seg_a[2]
    D5                                                                r  hex_seg_a[2] (OUT)
  -------------------------------------------------------------------    -------------------

Slack:                    inf
  Source:                 button_sync[1]/q_reg/C
                            (rising edge-triggered cell FDRE clocked by clk  {rise@0.000ns fall@5.000ns period=10.000ns})
  Destination:            hex_seg_b[6]
                            (output port)
  Path Group:             (none)
  Path Type:              Max at Slow Process Corner
  Data Path Delay:        13.022ns  (logic 4.054ns (31.129%)  route 8.968ns (68.871%))
  Logic Levels:           5  (LUT3=1 LUT5=1 LUT6=2 OBUF=1)
  Clock Uncertainty:      0.025ns  ((TSJ^2 + TIJ^2)^1/2 + DJ) / 2 + PE
    Total System Jitter     (TSJ):    0.050ns
    Total Input Jitter      (TIJ):    0.000ns
    Discrete Jitter          (DJ):    0.000ns
    Phase Error              (PE):    0.000ns

    Location             Delay type                Incr(ns)  Path(ns)    Netlist Resource(s)
  -------------------------------------------------------------------    -------------------
                         (clock clk rise edge)        0.000     0.000 r  
    N15                                               0.000     0.000 r  clk (IN)
                         net (fo=0)                   0.000     0.000    clk
    N15                  IBUF (Prop_ibuf_I_O)         1.440     1.440 r  clk_IBUF_inst/O
                         net (fo=1, routed)           1.972     3.412    clk_IBUF
    BUFGCTRL_X0Y0        BUFG (Prop_bufg_I_O)         0.096     3.508 r  clk_IBUF_BUFG_inst/O
                         net (fo=91, routed)          1.636     5.144    button_sync[1]/clk_IBUF_BUFG
    SLICE_X59Y7          FDRE                                         r  button_sync[1]/q_reg/C
  -------------------------------------------------------------------    -------------------
    SLICE_X59Y7          FDRE (Prop_fdre_C_Q)         0.456     5.600 r  button_sync[1]/q_reg/Q
                         net (fo=56, routed)          2.389     7.989    hex_a/reset_s
    SLICE_X59Y13         LUT3 (Prop_lut3_I2_O)        0.124     8.113 f  hex_a/hex_seg_a_OBUF[2]_inst_i_5/O
                         net (fo=6, routed)           0.859     8.972    reg_unit/hex_seg_b_OBUF[6]_inst_i_2_0
    SLICE_X65Y11         LUT5 (Prop_lut5_I0_O)        0.118     9.090 f  reg_unit/hex_seg_b_OBUF[6]_inst_i_5/O
                         net (fo=1, routed)           0.596     9.687    reg_unit/hex_seg_b_OBUF[6]_inst_i_5_n_0
    SLICE_X64Y13         LUT6 (Prop_lut6_I5_O)        0.326    10.013 r  reg_unit/hex_seg_b_OBUF[6]_inst_i_2/O
                         net (fo=1, routed)           0.658    10.670    reg_unit/hex_seg_b_OBUF[6]_inst_i_2_n_0
    SLICE_X65Y13         LUT6 (Prop_lut6_I0_O)        0.124    10.794 r  reg_unit/hex_seg_b_OBUF[6]_inst_i_1/O
                         net (fo=1, routed)           4.466    15.261    hex_seg_b_OBUF[6]
    E5                   OBUF (Prop_obuf_I_O)         2.906    18.166 r  hex_seg_b_OBUF[6]_inst/O
                         net (fo=0)                   0.000    18.166    hex_seg_b[6]
    E5                                                                r  hex_seg_b[6] (OUT)
  -------------------------------------------------------------------    -------------------

Slack:                    inf
  Source:                 button_sync[1]/q_reg/C
                            (rising edge-triggered cell FDRE clocked by clk  {rise@0.000ns fall@5.000ns period=10.000ns})
  Destination:            hex_seg_a[6]
                            (output port)
  Path Group:             (none)
  Path Type:              Max at Slow Process Corner
  Data Path Delay:        12.708ns  (logic 4.099ns (32.257%)  route 8.609ns (67.743%))
  Logic Levels:           5  (LUT3=1 LUT5=1 LUT6=2 OBUF=1)
  Clock Uncertainty:      0.025ns  ((TSJ^2 + TIJ^2)^1/2 + DJ) / 2 + PE
    Total System Jitter     (TSJ):    0.050ns
    Total Input Jitter      (TIJ):    0.000ns
    Discrete Jitter          (DJ):    0.000ns
    Phase Error              (PE):    0.000ns

    Location             Delay type                Incr(ns)  Path(ns)    Netlist Resource(s)
  -------------------------------------------------------------------    -------------------
                         (clock clk rise edge)        0.000     0.000 r  
    N15                                               0.000     0.000 r  clk (IN)
                         net (fo=0)                   0.000     0.000    clk
    N15                  IBUF (Prop_ibuf_I_O)         1.440     1.440 r  clk_IBUF_inst/O
                         net (fo=1, routed)           1.972     3.412    clk_IBUF
    BUFGCTRL_X0Y0        BUFG (Prop_bufg_I_O)         0.096     3.508 r  clk_IBUF_BUFG_inst/O
                         net (fo=91, routed)          1.636     5.144    button_sync[1]/clk_IBUF_BUFG
    SLICE_X59Y7          FDRE                                         r  button_sync[1]/q_reg/C
  -------------------------------------------------------------------    -------------------
    SLICE_X59Y7          FDRE (Prop_fdre_C_Q)         0.456     5.600 r  button_sync[1]/q_reg/Q
                         net (fo=56, routed)          2.389     7.989    hex_a/reset_s
    SLICE_X59Y13         LUT3 (Prop_lut3_I2_O)        0.124     8.113 f  hex_a/hex_seg_a_OBUF[2]_inst_i_5/O
                         net (fo=6, routed)           0.889     9.003    sw_sync/hex_seg_a_OBUF[6]_inst_i_2_0
    SLICE_X62Y14         LUT5 (Prop_lut5_I0_O)        0.149     9.152 f  sw_sync/hex_seg_a_OBUF[6]_inst_i_5/O
                         net (fo=1, routed)           0.641     9.793    sw_sync/hex_seg_a_OBUF[6]_inst_i_5_n_0
    SLICE_X63Y14         LUT6 (Prop_lut6_I5_O)        0.332    10.125 r  sw_sync/hex_seg_a_OBUF[6]_inst_i_2/O
                         net (fo=1, routed)           0.363    10.488    sw_sync/hex_seg_a_OBUF[6]_inst_i_2_n_0
    SLICE_X63Y14         LUT6 (Prop_lut6_I0_O)        0.124    10.612 r  sw_sync/hex_seg_a_OBUF[6]_inst_i_1/O
                         net (fo=1, routed)           4.326    14.938    hex_seg_a_OBUF[6]
    C4                   OBUF (Prop_obuf_I_O)         2.914    17.853 r  hex_seg_a_OBUF[6]_inst/O
                         net (fo=0)                   0.000    17.853    hex_seg_a[6]
    C4                                                                r  hex_seg_a[6] (OUT)
  -------------------------------------------------------------------    -------------------

Slack:                    inf
  Source:                 button_sync[1]/q_reg/C
                            (rising edge-triggered cell FDRE clocked by clk  {rise@0.000ns fall@5.000ns period=10.000ns})
  Destination:            hex_seg_a[4]
                            (output port)
  Path Group:             (none)
  Path Type:              Max at Slow Process Corner
  Data Path Delay:        12.405ns  (logic 3.868ns (31.179%)  route 8.537ns (68.821%))
  Logic Levels:           5  (LUT3=1 LUT5=1 LUT6=2 OBUF=1)
  Clock Uncertainty:      0.025ns  ((TSJ^2 + TIJ^2)^1/2 + DJ) / 2 + PE
    Total System Jitter     (TSJ):    0.050ns
    Total Input Jitter      (TIJ):    0.000ns
    Discrete Jitter          (DJ):    0.000ns
    Phase Error              (PE):    0.000ns

    Location             Delay type                Incr(ns)  Path(ns)    Netlist Resource(s)
  -------------------------------------------------------------------    -------------------
                         (clock clk rise edge)        0.000     0.000 r  
    N15                                               0.000     0.000 r  clk (IN)
                         net (fo=0)                   0.000     0.000    clk
    N15                  IBUF (Prop_ibuf_I_O)         1.440     1.440 r  clk_IBUF_inst/O
                         net (fo=1, routed)           1.972     3.412    clk_IBUF
    BUFGCTRL_X0Y0        BUFG (Prop_bufg_I_O)         0.096     3.508 r  clk_IBUF_BUFG_inst/O
                         net (fo=91, routed)          1.636     5.144    button_sync[1]/clk_IBUF_BUFG
    SLICE_X59Y7          FDRE                                         r  button_sync[1]/q_reg/C
  -------------------------------------------------------------------    -------------------
    SLICE_X59Y7          FDRE (Prop_fdre_C_Q)         0.456     5.600 r  button_sync[1]/q_reg/Q
                         net (fo=56, routed)          2.389     7.989    hex_a/reset_s
    SLICE_X59Y13         LUT3 (Prop_lut3_I2_O)        0.124     8.113 f  hex_a/hex_seg_a_OBUF[2]_inst_i_5/O
                         net (fo=6, routed)           0.889     9.003    sw_sync/hex_seg_a_OBUF[6]_inst_i_2_0
    SLICE_X62Y14         LUT5 (Prop_lut5_I0_O)        0.124     9.127 f  sw_sync/hex_seg_a_OBUF[4]_inst_i_5/O
                         net (fo=1, routed)           0.579     9.706    sw_sync/hex_seg_a_OBUF[4]_inst_i_5_n_0
    SLICE_X61Y14         LUT6 (Prop_lut6_I5_O)        0.124     9.830 r  sw_sync/hex_seg_a_OBUF[4]_inst_i_2/O
                         net (fo=1, routed)           0.151     9.981    sw_sync/hex_seg_a_OBUF[4]_inst_i_2_n_0
    SLICE_X61Y14         LUT6 (Prop_lut6_I0_O)        0.124    10.105 r  sw_sync/hex_seg_a_OBUF[4]_inst_i_1/O
                         net (fo=1, routed)           4.528    14.633    hex_seg_a_OBUF[4]
    D7                   OBUF (Prop_obuf_I_O)         2.916    17.549 r  hex_seg_a_OBUF[4]_inst/O
                         net (fo=0)                   0.000    17.549    hex_seg_a[4]
    D7                                                                r  hex_seg_a[4] (OUT)
  -------------------------------------------------------------------    -------------------

Slack:                    inf
  Source:                 button_sync[1]/q_reg/C
                            (rising edge-triggered cell FDRE clocked by clk  {rise@0.000ns fall@5.000ns period=10.000ns})
  Destination:            hex_seg_a[1]
                            (output port)
  Path Group:             (none)
  Path Type:              Max at Slow Process Corner
  Data Path Delay:        12.220ns  (logic 4.099ns (33.546%)  route 8.121ns (66.454%))
  Logic Levels:           5  (LUT3=1 LUT5=1 LUT6=2 OBUF=1)
  Clock Uncertainty:      0.025ns  ((TSJ^2 + TIJ^2)^1/2 + DJ) / 2 + PE
    Total System Jitter     (TSJ):    0.050ns
    Total Input Jitter      (TIJ):    0.000ns
    Discrete Jitter          (DJ):    0.000ns
    Phase Error              (PE):    0.000ns

    Location             Delay type                Incr(ns)  Path(ns)    Netlist Resource(s)
  -------------------------------------------------------------------    -------------------
                         (clock clk rise edge)        0.000     0.000 r  
    N15                                               0.000     0.000 r  clk (IN)
                         net (fo=0)                   0.000     0.000    clk
    N15                  IBUF (Prop_ibuf_I_O)         1.440     1.440 r  clk_IBUF_inst/O
                         net (fo=1, routed)           1.972     3.412    clk_IBUF
    BUFGCTRL_X0Y0        BUFG (Prop_bufg_I_O)         0.096     3.508 r  clk_IBUF_BUFG_inst/O
                         net (fo=91, routed)          1.636     5.144    button_sync[1]/clk_IBUF_BUFG
    SLICE_X59Y7          FDRE                                         r  button_sync[1]/q_reg/C
  -------------------------------------------------------------------    -------------------
    SLICE_X59Y7          FDRE (Prop_fdre_C_Q)         0.456     5.600 r  button_sync[1]/q_reg/Q
                         net (fo=56, routed)          2.389     7.989    hex_a/reset_s
    SLICE_X59Y13         LUT3 (Prop_lut3_I1_O)        0.152     8.141 r  hex_a/hex_grid_a_OBUF[0]_inst_i_1/O
                         net (fo=10, routed)          0.792     8.934    sw_sync/hex_grid_b_OBUF[0]
    SLICE_X60Y12         LUT5 (Prop_lut5_I0_O)        0.326     9.260 f  sw_sync/hex_seg_a_OBUF[1]_inst_i_6/O
                         net (fo=1, routed)           0.310     9.570    sw_sync/hex_seg_a_OBUF[1]_inst_i_6_n_0
    SLICE_X64Y12         LUT6 (Prop_lut6_I5_O)        0.124     9.694 r  sw_sync/hex_seg_a_OBUF[1]_inst_i_2/O
                         net (fo=1, routed)           0.555    10.249    sw_sync/hex_seg_a_OBUF[1]_inst_i_2_n_0
    SLICE_X63Y14         LUT6 (Prop_lut6_I0_O)        0.124    10.373 r  sw_sync/hex_seg_a_OBUF[1]_inst_i_1/O
                         net (fo=1, routed)           4.074    14.447    hex_seg_a_OBUF[1]
    B4                   OBUF (Prop_obuf_I_O)         2.917    17.364 r  hex_seg_a_OBUF[1]_inst/O
                         net (fo=0)                   0.000    17.364    hex_seg_a[1]
    B4                                                                r  hex_seg_a[1] (OUT)
  -------------------------------------------------------------------    -------------------

Slack:                    inf
  Source:                 button_sync[1]/q_reg/C
                            (rising edge-triggered cell FDRE clocked by clk  {rise@0.000ns fall@5.000ns period=10.000ns})
  Destination:            hex_seg_b[1]
                            (output port)
  Path Group:             (none)
  Path Type:              Max at Slow Process Corner
  Data Path Delay:        11.937ns  (logic 4.312ns (36.120%)  route 7.625ns (63.880%))
  Logic Levels:           5  (LUT3=1 LUT5=1 LUT6=2 OBUF=1)
  Clock Uncertainty:      0.025ns  ((TSJ^2 + TIJ^2)^1/2 + DJ) / 2 + PE
    Total System Jitter     (TSJ):    0.050ns
    Total Input Jitter      (TIJ):    0.000ns
    Discrete Jitter          (DJ):    0.000ns
    Phase Error              (PE):    0.000ns

    Location             Delay type                Incr(ns)  Path(ns)    Netlist Resource(s)
  -------------------------------------------------------------------    -------------------
                         (clock clk rise edge)        0.000     0.000 r  
    N15                                               0.000     0.000 r  clk (IN)
                         net (fo=0)                   0.000     0.000    clk
    N15                  IBUF (Prop_ibuf_I_O)         1.440     1.440 r  clk_IBUF_inst/O
                         net (fo=1, routed)           1.972     3.412    clk_IBUF
    BUFGCTRL_X0Y0        BUFG (Prop_bufg_I_O)         0.096     3.508 r  clk_IBUF_BUFG_inst/O
                         net (fo=91, routed)          1.636     5.144    button_sync[1]/clk_IBUF_BUFG
    SLICE_X59Y7          FDRE                                         r  button_sync[1]/q_reg/C
  -------------------------------------------------------------------    -------------------
    SLICE_X59Y7          FDRE (Prop_fdre_C_Q)         0.456     5.600 r  button_sync[1]/q_reg/Q
                         net (fo=56, routed)          2.389     7.989    hex_a/reset_s
    SLICE_X59Y13         LUT3 (Prop_lut3_I1_O)        0.152     8.141 r  hex_a/hex_grid_a_OBUF[0]_inst_i_1/O
                         net (fo=10, routed)          0.964     9.106    reg_unit/hex_grid_b_OBUF[0]
    SLICE_X64Y13         LUT5 (Prop_lut5_I0_O)        0.352     9.458 f  reg_unit/hex_seg_b_OBUF[1]_inst_i_5/O
                         net (fo=1, routed)           0.824    10.281    reg_unit/hex_seg_b_OBUF[1]_inst_i_5_n_0
    SLICE_X64Y12         LUT6 (Prop_lut6_I5_O)        0.328    10.609 r  reg_unit/hex_seg_b_OBUF[1]_inst_i_2/O
                         net (fo=1, routed)           0.452    11.061    reg_unit/hex_seg_b_OBUF[1]_inst_i_2_n_0
    SLICE_X64Y12         LUT6 (Prop_lut6_I0_O)        0.124    11.185 r  reg_unit/hex_seg_b_OBUF[1]_inst_i_1/O
                         net (fo=1, routed)           2.997    14.182    hex_seg_b_OBUF[1]
    G5                   OBUF (Prop_obuf_I_O)         2.900    17.081 r  hex_seg_b_OBUF[1]_inst/O
                         net (fo=0)                   0.000    17.081    hex_seg_b[1]
    G5                                                                r  hex_seg_b[1] (OUT)
  -------------------------------------------------------------------    -------------------

Slack:                    inf
  Source:                 button_sync[1]/q_reg/C
                            (rising edge-triggered cell FDRE clocked by clk  {rise@0.000ns fall@5.000ns period=10.000ns})
  Destination:            hex_seg_b[4]
                            (output port)
  Path Group:             (none)
  Path Type:              Max at Slow Process Corner
  Data Path Delay:        11.920ns  (logic 3.867ns (32.439%)  route 8.053ns (67.561%))
  Logic Levels:           5  (LUT3=1 LUT5=1 LUT6=2 OBUF=1)
  Clock Uncertainty:      0.025ns  ((TSJ^2 + TIJ^2)^1/2 + DJ) / 2 + PE
    Total System Jitter     (TSJ):    0.050ns
    Total Input Jitter      (TIJ):    0.000ns
    Discrete Jitter          (DJ):    0.000ns
    Phase Error              (PE):    0.000ns

    Location             Delay type                Incr(ns)  Path(ns)    Netlist Resource(s)
  -------------------------------------------------------------------    -------------------
                         (clock clk rise edge)        0.000     0.000 r  
    N15                                               0.000     0.000 r  clk (IN)
                         net (fo=0)                   0.000     0.000    clk
    N15                  IBUF (Prop_ibuf_I_O)         1.440     1.440 r  clk_IBUF_inst/O
                         net (fo=1, routed)           1.972     3.412    clk_IBUF
    BUFGCTRL_X0Y0        BUFG (Prop_bufg_I_O)         0.096     3.508 r  clk_IBUF_BUFG_inst/O
                         net (fo=91, routed)          1.636     5.144    button_sync[1]/clk_IBUF_BUFG
    SLICE_X59Y7          FDRE                                         r  button_sync[1]/q_reg/C
  -------------------------------------------------------------------    -------------------
    SLICE_X59Y7          FDRE (Prop_fdre_C_Q)         0.456     5.600 r  button_sync[1]/q_reg/Q
                         net (fo=56, routed)          2.389     7.989    hex_a/reset_s
    SLICE_X59Y13         LUT3 (Prop_lut3_I2_O)        0.124     8.113 f  hex_a/hex_seg_a_OBUF[2]_inst_i_5/O
                         net (fo=6, routed)           0.859     8.972    reg_unit/hex_seg_b_OBUF[6]_inst_i_2_0
    SLICE_X65Y11         LUT5 (Prop_lut5_I0_O)        0.124     9.096 f  reg_unit/hex_seg_b_OBUF[4]_inst_i_5/O
                         net (fo=1, routed)           0.987    10.083    reg_unit/hex_seg_b_OBUF[4]_inst_i_5_n_0
    SLICE_X65Y13         LUT6 (Prop_lut6_I5_O)        0.124    10.207 r  reg_unit/hex_seg_b_OBUF[4]_inst_i_2/O
                         net (fo=1, routed)           0.151    10.359    reg_unit/hex_seg_b_OBUF[4]_inst_i_2_n_0
    SLICE_X65Y13         LUT6 (Prop_lut6_I0_O)        0.124    10.483 r  reg_unit/hex_seg_b_OBUF[4]_inst_i_1/O
                         net (fo=1, routed)           3.667    14.149    hex_seg_b_OBUF[4]
    F4                   OBUF (Prop_obuf_I_O)         2.915    17.064 r  hex_seg_b_OBUF[4]_inst/O
                         net (fo=0)                   0.000    17.064    hex_seg_b[4]
    F4                                                                r  hex_seg_b[4] (OUT)
  -------------------------------------------------------------------    -------------------

Slack:                    inf
  Source:                 button_sync[1]/q_reg/C
                            (rising edge-triggered cell FDRE clocked by clk  {rise@0.000ns fall@5.000ns period=10.000ns})
  Destination:            hex_seg_b[2]
                            (output port)
  Path Group:             (none)
  Path Type:              Max at Slow Process Corner
  Data Path Delay:        11.914ns  (logic 4.060ns (34.081%)  route 7.854ns (65.919%))
  Logic Levels:           5  (LUT3=1 LUT5=1 LUT6=2 OBUF=1)
  Clock Uncertainty:      0.025ns  ((TSJ^2 + TIJ^2)^1/2 + DJ) / 2 + PE
    Total System Jitter     (TSJ):    0.050ns
    Total Input Jitter      (TIJ):    0.000ns
    Discrete Jitter          (DJ):    0.000ns
    Phase Error              (PE):    0.000ns

    Location             Delay type                Incr(ns)  Path(ns)    Netlist Resource(s)
  -------------------------------------------------------------------    -------------------
                         (clock clk rise edge)        0.000     0.000 r  
    N15                                               0.000     0.000 r  clk (IN)
                         net (fo=0)                   0.000     0.000    clk
    N15                  IBUF (Prop_ibuf_I_O)         1.440     1.440 r  clk_IBUF_inst/O
                         net (fo=1, routed)           1.972     3.412    clk_IBUF
    BUFGCTRL_X0Y0        BUFG (Prop_bufg_I_O)         0.096     3.508 r  clk_IBUF_BUFG_inst/O
                         net (fo=91, routed)          1.636     5.144    button_sync[1]/clk_IBUF_BUFG
    SLICE_X59Y7          FDRE                                         r  button_sync[1]/q_reg/C
  -------------------------------------------------------------------    -------------------
    SLICE_X59Y7          FDRE (Prop_fdre_C_Q)         0.456     5.600 r  button_sync[1]/q_reg/Q
                         net (fo=56, routed)          2.389     7.989    hex_a/reset_s
    SLICE_X59Y13         LUT3 (Prop_lut3_I1_O)        0.152     8.141 r  hex_a/hex_grid_a_OBUF[0]_inst_i_1/O
                         net (fo=10, routed)          0.964     9.106    reg_unit/hex_grid_b_OBUF[0]
    SLICE_X64Y13         LUT5 (Prop_lut5_I0_O)        0.326     9.432 f  reg_unit/hex_seg_b_OBUF[2]_inst_i_5/O
                         net (fo=1, routed)           0.946    10.377    reg_unit/hex_seg_b_OBUF[2]_inst_i_5_n_0
    SLICE_X63Y11         LUT6 (Prop_lut6_I5_O)        0.124    10.501 f  reg_unit/hex_seg_b_OBUF[2]_inst_i_4/O
                         net (fo=1, routed)           0.151    10.652    reg_unit/hex_seg_b_OBUF[2]_inst_i_4_n_0
    SLICE_X63Y11         LUT6 (Prop_lut6_I5_O)        0.124    10.776 r  reg_unit/hex_seg_b_OBUF[2]_inst_i_1/O
                         net (fo=1, routed)           3.403    14.180    hex_seg_b_OBUF[2]
    J3                   OBUF (Prop_obuf_I_O)         2.878    17.058 r  hex_seg_b_OBUF[2]_inst/O
                         net (fo=0)                   0.000    17.058    hex_seg_b[2]
    J3                                                                r  hex_seg_b[2] (OUT)
  -------------------------------------------------------------------    -------------------

Slack:                    inf
  Source:                 sw_sync/data_q_reg[9]/C
                            (rising edge-triggered cell FDRE clocked by clk  {rise@0.000ns fall@5.000ns period=10.000ns})
  Destination:            hex_seg_a[3]
                            (output port)
  Path Group:             (none)
  Path Type:              Max at Slow Process Corner
  Data Path Delay:        10.697ns  (logic 4.034ns (37.709%)  route 6.663ns (62.291%))
  Logic Levels:           4  (LUT4=2 LUT6=1 OBUF=1)
  Clock Uncertainty:      0.025ns  ((TSJ^2 + TIJ^2)^1/2 + DJ) / 2 + PE
    Total System Jitter     (TSJ):    0.050ns
    Total Input Jitter      (TIJ):    0.000ns
    Discrete Jitter          (DJ):    0.000ns
    Phase Error              (PE):    0.000ns

    Location             Delay type                Incr(ns)  Path(ns)    Netlist Resource(s)
  -------------------------------------------------------------------    -------------------
                         (clock clk rise edge)        0.000     0.000 r  
    N15                                               0.000     0.000 r  clk (IN)
                         net (fo=0)                   0.000     0.000    clk
    N15                  IBUF (Prop_ibuf_I_O)         1.440     1.440 r  clk_IBUF_inst/O
                         net (fo=1, routed)           1.972     3.412    clk_IBUF
    BUFGCTRL_X0Y0        BUFG (Prop_bufg_I_O)         0.096     3.508 r  clk_IBUF_BUFG_inst/O
                         net (fo=91, routed)          1.633     5.141    sw_sync/clk_IBUF_BUFG
    SLICE_X64Y14         FDRE                                         r  sw_sync/data_q_reg[9]/C
  -------------------------------------------------------------------    -------------------
    SLICE_X64Y14         FDRE (Prop_fdre_C_Q)         0.518     5.659 r  sw_sync/data_q_reg[9]/Q
                         net (fo=11, routed)          1.148     6.807    sw_sync/sw_s[9]
    SLICE_X62Y12         LUT4 (Prop_lut4_I1_O)        0.152     6.959 f  sw_sync/hex_seg_a_OBUF[3]_inst_i_5/O
                         net (fo=1, routed)           0.605     7.564    sw_sync/hex_seg_a_OBUF[3]_inst_i_5_n_0
    SLICE_X61Y13         LUT6 (Prop_lut6_I5_O)        0.332     7.896 f  sw_sync/hex_seg_a_OBUF[3]_inst_i_3/O
                         net (fo=1, routed)           0.433     8.329    sw_sync/hex_seg_a_OBUF[3]_inst_i_3_n_0
    SLICE_X61Y13         LUT4 (Prop_lut4_I3_O)        0.124     8.453 r  sw_sync/hex_seg_a_OBUF[3]_inst_i_1/O
                         net (fo=1, routed)           4.477    12.930    hex_seg_a_OBUF[3]
    C5                   OBUF (Prop_obuf_I_O)         2.908    15.838 r  hex_seg_a_OBUF[3]_inst/O
                         net (fo=0)                   0.000    15.838    hex_seg_a[3]
    C5                                                                r  hex_seg_a[3] (OUT)
  -------------------------------------------------------------------    -------------------

Slack:                    inf
  Source:                 sw_sync/data_q_reg[12]/C
                            (rising edge-triggered cell FDRE clocked by clk  {rise@0.000ns fall@5.000ns period=10.000ns})
  Destination:            hex_seg_a[0]
                            (output port)
  Path Group:             (none)
  Path Type:              Max at Slow Process Corner
  Data Path Delay:        10.573ns  (logic 3.790ns (35.842%)  route 6.784ns (64.158%))
  Logic Levels:           4  (LUT4=2 LUT6=1 OBUF=1)
  Clock Uncertainty:      0.025ns  ((TSJ^2 + TIJ^2)^1/2 + DJ) / 2 + PE
    Total System Jitter     (TSJ):    0.050ns
    Total Input Jitter      (TIJ):    0.000ns
    Discrete Jitter          (DJ):    0.000ns
    Phase Error              (PE):    0.000ns

    Location             Delay type                Incr(ns)  Path(ns)    Netlist Resource(s)
  -------------------------------------------------------------------    -------------------
                         (clock clk rise edge)        0.000     0.000 r  
    N15                                               0.000     0.000 r  clk (IN)
                         net (fo=0)                   0.000     0.000    clk
    N15                  IBUF (Prop_ibuf_I_O)         1.440     1.440 r  clk_IBUF_inst/O
                         net (fo=1, routed)           1.972     3.412    clk_IBUF
    BUFGCTRL_X0Y0        BUFG (Prop_bufg_I_O)         0.096     3.508 r  clk_IBUF_BUFG_inst/O
                         net (fo=91, routed)          1.633     5.141    sw_sync/clk_IBUF_BUFG
    SLICE_X64Y14         FDRE                                         r  sw_sync/data_q_reg[12]/C
  -------------------------------------------------------------------    -------------------
    SLICE_X64Y14         FDRE (Prop_fdre_C_Q)         0.518     5.659 r  sw_sync/data_q_reg[12]/Q
                         net (fo=10, routed)          1.214     6.873    sw_sync/sw_s[12]
    SLICE_X60Y12         LUT4 (Prop_lut4_I2_O)        0.124     6.997 r  sw_sync/hex_seg_a_OBUF[0]_inst_i_4/O
                         net (fo=1, routed)           0.498     7.496    sw_sync/hex_seg_a_OBUF[0]_inst_i_4_n_0
    SLICE_X61Y12         LUT6 (Prop_lut6_I5_O)        0.124     7.620 r  sw_sync/hex_seg_a_OBUF[0]_inst_i_2/O
                         net (fo=1, routed)           0.412     8.032    sw_sync/hex_seg_a_OBUF[0]_inst_i_2_n_0
    SLICE_X61Y11         LUT4 (Prop_lut4_I0_O)        0.124     8.156 r  sw_sync/hex_seg_a_OBUF[0]_inst_i_1/O
                         net (fo=1, routed)           4.659    12.815    hex_seg_a_OBUF[0]
    E6                   OBUF (Prop_obuf_I_O)         2.900    15.715 r  hex_seg_a_OBUF[0]_inst/O
                         net (fo=0)                   0.000    15.715    hex_seg_a[0]
    E6                                                                r  hex_seg_a[0] (OUT)
  -------------------------------------------------------------------    -------------------





Min Delay Paths
--------------------------------------------------------------------------------------
Slack:                    inf
  Source:                 reg_unit/data_q_reg[12]/C
                            (rising edge-triggered cell FDRE clocked by clk  {rise@0.000ns fall@5.000ns period=10.000ns})
  Destination:            out[12]
                            (output port)
  Path Group:             (none)
  Path Type:              Min at Fast Process Corner
  Data Path Delay:        1.654ns  (logic 1.269ns (76.688%)  route 0.386ns (23.312%))
  Logic Levels:           1  (OBUF=1)
  Clock Uncertainty:      0.025ns  ((TSJ^2 + TIJ^2)^1/2 + DJ) / 2 + PE
    Total System Jitter     (TSJ):    0.050ns
    Total Input Jitter      (TIJ):    0.000ns
    Discrete Jitter          (DJ):    0.000ns
    Phase Error              (PE):    0.000ns

    Location             Delay type                Incr(ns)  Path(ns)    Netlist Resource(s)
  -------------------------------------------------------------------    -------------------
                         (clock clk rise edge)        0.000     0.000 r  
    N15                                               0.000     0.000 r  clk (IN)
                         net (fo=0)                   0.000     0.000    clk
    N15                  IBUF (Prop_ibuf_I_O)         0.209     0.209 r  clk_IBUF_inst/O
                         net (fo=1, routed)           0.634     0.843    clk_IBUF
    BUFGCTRL_X0Y0        BUFG (Prop_bufg_I_O)         0.026     0.869 r  clk_IBUF_BUFG_inst/O
                         net (fo=91, routed)          0.591     1.459    reg_unit/clk_IBUF_BUFG
    SLICE_X64Y13         FDRE                                         r  reg_unit/data_q_reg[12]/C
  -------------------------------------------------------------------    -------------------
    SLICE_X64Y13         FDRE (Prop_fdre_C_Q)         0.164     1.623 r  reg_unit/data_q_reg[12]/Q
                         net (fo=11, routed)          0.386     2.009    out_OBUF[12]
    P6                   OBUF (Prop_obuf_I_O)         1.105     3.113 r  out_OBUF[12]_inst/O
                         net (fo=0)                   0.000     3.113    out[12]
    P6                                                                r  out[12] (OUT)
  -------------------------------------------------------------------    -------------------

Slack:                    inf
  Source:                 reg_unit/data_q_reg[7]/C
                            (rising edge-triggered cell FDRE clocked by clk  {rise@0.000ns fall@5.000ns period=10.000ns})
  Destination:            out[7]
                            (output port)
  Path Group:             (none)
  Path Type:              Min at Fast Process Corner
  Data Path Delay:        1.656ns  (logic 1.238ns (74.760%)  route 0.418ns (25.240%))
  Logic Levels:           1  (OBUF=1)
  Clock Uncertainty:      0.025ns  ((TSJ^2 + TIJ^2)^1/2 + DJ) / 2 + PE
    Total System Jitter     (TSJ):    0.050ns
    Total Input Jitter      (TIJ):    0.000ns
    Discrete Jitter          (DJ):    0.000ns
    Phase Error              (PE):    0.000ns

    Location             Delay type                Incr(ns)  Path(ns)    Netlist Resource(s)
  -------------------------------------------------------------------    -------------------
                         (clock clk rise edge)        0.000     0.000 r  
    N15                                               0.000     0.000 r  clk (IN)
                         net (fo=0)                   0.000     0.000    clk
    N15                  IBUF (Prop_ibuf_I_O)         0.209     0.209 r  clk_IBUF_inst/O
                         net (fo=1, routed)           0.634     0.843    clk_IBUF
    BUFGCTRL_X0Y0        BUFG (Prop_bufg_I_O)         0.026     0.869 r  clk_IBUF_BUFG_inst/O
                         net (fo=91, routed)          0.592     1.460    reg_unit/clk_IBUF_BUFG
    SLICE_X61Y11         FDRE                                         r  reg_unit/data_q_reg[7]/C
  -------------------------------------------------------------------    -------------------
    SLICE_X61Y11         FDRE (Prop_fdre_C_Q)         0.141     1.601 r  reg_unit/data_q_reg[7]/Q
                         net (fo=12, routed)          0.418     2.019    out_OBUF[7]
    T4                   OBUF (Prop_obuf_I_O)         1.097     3.116 r  out_OBUF[7]_inst/O
                         net (fo=0)                   0.000     3.116    out[7]
    T4                                                                r  out[7] (OUT)
  -------------------------------------------------------------------    -------------------

Slack:                    inf
  Source:                 reg_unit/data_q_reg[16]_lopt_replica/C
                            (rising edge-triggered cell FDRE clocked by clk  {rise@0.000ns fall@5.000ns period=10.000ns})
  Destination:            out[16]
                            (output port)
  Path Group:             (none)
  Path Type:              Min at Fast Process Corner
  Data Path Delay:        1.669ns  (logic 1.296ns (77.668%)  route 0.373ns (22.332%))
  Logic Levels:           1  (OBUF=1)
  Clock Uncertainty:      0.025ns  ((TSJ^2 + TIJ^2)^1/2 + DJ) / 2 + PE
    Total System Jitter     (TSJ):    0.050ns
    Total Input Jitter      (TIJ):    0.000ns
    Discrete Jitter          (DJ):    0.000ns
    Phase Error              (PE):    0.000ns

    Location             Delay type                Incr(ns)  Path(ns)    Netlist Resource(s)
  -------------------------------------------------------------------    -------------------
                         (clock clk rise edge)        0.000     0.000 r  
    N15                                               0.000     0.000 r  clk (IN)
                         net (fo=0)                   0.000     0.000    clk
    N15                  IBUF (Prop_ibuf_I_O)         0.209     0.209 r  clk_IBUF_inst/O
                         net (fo=1, routed)           0.634     0.843    clk_IBUF
    BUFGCTRL_X0Y0        BUFG (Prop_bufg_I_O)         0.026     0.869 r  clk_IBUF_BUFG_inst/O
                         net (fo=91, routed)          0.591     1.459    reg_unit/clk_IBUF_BUFG
    SLICE_X64Y13         FDRE                                         r  reg_unit/data_q_reg[16]_lopt_replica/C
  -------------------------------------------------------------------    -------------------
    SLICE_X64Y13         FDRE (Prop_fdre_C_Q)         0.164     1.623 r  reg_unit/data_q_reg[16]_lopt_replica/Q
                         net (fo=1, routed)           0.373     1.996    lopt
    V5                   OBUF (Prop_obuf_I_O)         1.132     3.129 r  out_OBUF[16]_inst/O
                         net (fo=0)                   0.000     3.129    out[16]
    V5                                                                r  out[16] (OUT)
  -------------------------------------------------------------------    -------------------

Slack:                    inf
  Source:                 reg_unit/data_q_reg[15]/C
                            (rising edge-triggered cell FDRE clocked by clk  {rise@0.000ns fall@5.000ns period=10.000ns})
  Destination:            out[15]
                            (output port)
  Path Group:             (none)
  Path Type:              Min at Fast Process Corner
  Data Path Delay:        1.670ns  (logic 1.293ns (77.418%)  route 0.377ns (22.582%))
  Logic Levels:           1  (OBUF=1)
  Clock Uncertainty:      0.025ns  ((TSJ^2 + TIJ^2)^1/2 + DJ) / 2 + PE
    Total System Jitter     (TSJ):    0.050ns
    Total Input Jitter      (TIJ):    0.000ns
    Discrete Jitter          (DJ):    0.000ns
    Phase Error              (PE):    0.000ns

    Location             Delay type                Incr(ns)  Path(ns)    Netlist Resource(s)
  -------------------------------------------------------------------    -------------------
                         (clock clk rise edge)        0.000     0.000 r  
    N15                                               0.000     0.000 r  clk (IN)
                         net (fo=0)                   0.000     0.000    clk
    N15                  IBUF (Prop_ibuf_I_O)         0.209     0.209 r  clk_IBUF_inst/O
                         net (fo=1, routed)           0.634     0.843    clk_IBUF
    BUFGCTRL_X0Y0        BUFG (Prop_bufg_I_O)         0.026     0.869 r  clk_IBUF_BUFG_inst/O
                         net (fo=91, routed)          0.591     1.459    reg_unit/clk_IBUF_BUFG
    SLICE_X64Y13         FDRE                                         r  reg_unit/data_q_reg[15]/C
  -------------------------------------------------------------------    -------------------
    SLICE_X64Y13         FDRE (Prop_fdre_C_Q)         0.164     1.623 r  reg_unit/data_q_reg[15]/Q
                         net (fo=10, routed)          0.377     2.000    out_OBUF[15]
    V4                   OBUF (Prop_obuf_I_O)         1.129     3.129 r  out_OBUF[15]_inst/O
                         net (fo=0)                   0.000     3.129    out[15]
    V4                                                                r  out[15] (OUT)
  -------------------------------------------------------------------    -------------------

Slack:                    inf
  Source:                 reg_unit/data_q_reg[13]/C
                            (rising edge-triggered cell FDRE clocked by clk  {rise@0.000ns fall@5.000ns period=10.000ns})
  Destination:            out[13]
                            (output port)
  Path Group:             (none)
  Path Type:              Min at Fast Process Corner
  Data Path Delay:        1.689ns  (logic 1.258ns (74.464%)  route 0.431ns (25.536%))
  Logic Levels:           1  (OBUF=1)
  Clock Uncertainty:      0.025ns  ((TSJ^2 + TIJ^2)^1/2 + DJ) / 2 + PE
    Total System Jitter     (TSJ):    0.050ns
    Total Input Jitter      (TIJ):    0.000ns
    Discrete Jitter          (DJ):    0.000ns
    Phase Error              (PE):    0.000ns

    Location             Delay type                Incr(ns)  Path(ns)    Netlist Resource(s)
  -------------------------------------------------------------------    -------------------
                         (clock clk rise edge)        0.000     0.000 r  
    N15                                               0.000     0.000 r  clk (IN)
                         net (fo=0)                   0.000     0.000    clk
    N15                  IBUF (Prop_ibuf_I_O)         0.209     0.209 r  clk_IBUF_inst/O
                         net (fo=1, routed)           0.634     0.843    clk_IBUF
    BUFGCTRL_X0Y0        BUFG (Prop_bufg_I_O)         0.026     0.869 r  clk_IBUF_BUFG_inst/O
                         net (fo=91, routed)          0.591     1.459    reg_unit/clk_IBUF_BUFG
    SLICE_X62Y13         FDRE                                         r  reg_unit/data_q_reg[13]/C
  -------------------------------------------------------------------    -------------------
    SLICE_X62Y13         FDRE (Prop_fdre_C_Q)         0.141     1.600 r  reg_unit/data_q_reg[13]/Q
                         net (fo=11, routed)          0.431     2.032    out_OBUF[13]
    T3                   OBUF (Prop_obuf_I_O)         1.117     3.149 r  out_OBUF[13]_inst/O
                         net (fo=0)                   0.000     3.149    out[13]
    T3                                                                r  out[13] (OUT)
  -------------------------------------------------------------------    -------------------

Slack:                    inf
  Source:                 reg_unit/data_q_reg[9]/C
                            (rising edge-triggered cell FDRE clocked by clk  {rise@0.000ns fall@5.000ns period=10.000ns})
  Destination:            out[9]
                            (output port)
  Path Group:             (none)
  Path Type:              Min at Fast Process Corner
  Data Path Delay:        1.697ns  (logic 1.268ns (74.696%)  route 0.429ns (25.304%))
  Logic Levels:           1  (OBUF=1)
  Clock Uncertainty:      0.025ns  ((TSJ^2 + TIJ^2)^1/2 + DJ) / 2 + PE
    Total System Jitter     (TSJ):    0.050ns
    Total Input Jitter      (TIJ):    0.000ns
    Discrete Jitter          (DJ):    0.000ns
    Phase Error              (PE):    0.000ns

    Location             Delay type                Incr(ns)  Path(ns)    Netlist Resource(s)
  -------------------------------------------------------------------    -------------------
                         (clock clk rise edge)        0.000     0.000 r  
    N15                                               0.000     0.000 r  clk (IN)
                         net (fo=0)                   0.000     0.000    clk
    N15                  IBUF (Prop_ibuf_I_O)         0.209     0.209 r  clk_IBUF_inst/O
                         net (fo=1, routed)           0.634     0.843    clk_IBUF
    BUFGCTRL_X0Y0        BUFG (Prop_bufg_I_O)         0.026     0.869 r  clk_IBUF_BUFG_inst/O
                         net (fo=91, routed)          0.591     1.459    reg_unit/clk_IBUF_BUFG
    SLICE_X62Y13         FDRE                                         r  reg_unit/data_q_reg[9]/C
  -------------------------------------------------------------------    -------------------
    SLICE_X62Y13         FDRE (Prop_fdre_C_Q)         0.141     1.600 r  reg_unit/data_q_reg[9]/Q
                         net (fo=12, routed)          0.429     2.030    out_OBUF[9]
    V6                   OBUF (Prop_obuf_I_O)         1.127     3.156 r  out_OBUF[9]_inst/O
                         net (fo=0)                   0.000     3.156    out[9]
    V6                                                                r  out[9] (OUT)
  -------------------------------------------------------------------    -------------------

Slack:                    inf
  Source:                 reg_unit/data_q_reg[11]/C
                            (rising edge-triggered cell FDRE clocked by clk  {rise@0.000ns fall@5.000ns period=10.000ns})
  Destination:            out[11]
                            (output port)
  Path Group:             (none)
  Path Type:              Min at Fast Process Corner
  Data Path Delay:        1.731ns  (logic 1.242ns (71.758%)  route 0.489ns (28.242%))
  Logic Levels:           1  (OBUF=1)
  Clock Uncertainty:      0.025ns  ((TSJ^2 + TIJ^2)^1/2 + DJ) / 2 + PE
    Total System Jitter     (TSJ):    0.050ns
    Total Input Jitter      (TIJ):    0.000ns
    Discrete Jitter          (DJ):    0.000ns
    Phase Error              (PE):    0.000ns

    Location             Delay type                Incr(ns)  Path(ns)    Netlist Resource(s)
  -------------------------------------------------------------------    -------------------
                         (clock clk rise edge)        0.000     0.000 r  
    N15                                               0.000     0.000 r  clk (IN)
                         net (fo=0)                   0.000     0.000    clk
    N15                  IBUF (Prop_ibuf_I_O)         0.209     0.209 r  clk_IBUF_inst/O
                         net (fo=1, routed)           0.634     0.843    clk_IBUF
    BUFGCTRL_X0Y0        BUFG (Prop_bufg_I_O)         0.026     0.869 r  clk_IBUF_BUFG_inst/O
                         net (fo=91, routed)          0.591     1.459    reg_unit/clk_IBUF_BUFG
    SLICE_X62Y14         FDRE                                         r  reg_unit/data_q_reg[11]/C
  -------------------------------------------------------------------    -------------------
    SLICE_X62Y14         FDRE (Prop_fdre_C_Q)         0.141     1.600 r  reg_unit/data_q_reg[11]/Q
                         net (fo=12, routed)          0.489     2.089    out_OBUF[11]
    P5                   OBUF (Prop_obuf_I_O)         1.101     3.190 r  out_OBUF[11]_inst/O
                         net (fo=0)                   0.000     3.190    out[11]
    P5                                                                r  out[11] (OUT)
  -------------------------------------------------------------------    -------------------

Slack:                    inf
  Source:                 reg_unit/data_q_reg[8]/C
                            (rising edge-triggered cell FDRE clocked by clk  {rise@0.000ns fall@5.000ns period=10.000ns})
  Destination:            out[8]
                            (output port)
  Path Group:             (none)
  Path Type:              Min at Fast Process Corner
  Data Path Delay:        1.747ns  (logic 1.244ns (71.169%)  route 0.504ns (28.831%))
  Logic Levels:           1  (OBUF=1)
  Clock Uncertainty:      0.025ns  ((TSJ^2 + TIJ^2)^1/2 + DJ) / 2 + PE
    Total System Jitter     (TSJ):    0.050ns
    Total Input Jitter      (TIJ):    0.000ns
    Discrete Jitter          (DJ):    0.000ns
    Phase Error              (PE):    0.000ns

    Location             Delay type                Incr(ns)  Path(ns)    Netlist Resource(s)
  -------------------------------------------------------------------    -------------------
                         (clock clk rise edge)        0.000     0.000 r  
    N15                                               0.000     0.000 r  clk (IN)
                         net (fo=0)                   0.000     0.000    clk
    N15                  IBUF (Prop_ibuf_I_O)         0.209     0.209 r  clk_IBUF_inst/O
                         net (fo=1, routed)           0.634     0.843    clk_IBUF
    BUFGCTRL_X0Y0        BUFG (Prop_bufg_I_O)         0.026     0.869 r  clk_IBUF_BUFG_inst/O
                         net (fo=91, routed)          0.590     1.458    reg_unit/clk_IBUF_BUFG
    SLICE_X61Y13         FDRE                                         r  reg_unit/data_q_reg[8]/C
  -------------------------------------------------------------------    -------------------
    SLICE_X61Y13         FDRE (Prop_fdre_C_Q)         0.141     1.599 r  reg_unit/data_q_reg[8]/Q
                         net (fo=11, routed)          0.504     2.103    out_OBUF[8]
    R5                   OBUF (Prop_obuf_I_O)         1.103     3.206 r  out_OBUF[8]_inst/O
                         net (fo=0)                   0.000     3.206    out[8]
    R5                                                                r  out[8] (OUT)
  -------------------------------------------------------------------    -------------------

Slack:                    inf
  Source:                 reg_unit/data_q_reg[5]/C
                            (rising edge-triggered cell FDRE clocked by clk  {rise@0.000ns fall@5.000ns period=10.000ns})
  Destination:            out[5]
                            (output port)
  Path Group:             (none)
  Path Type:              Min at Fast Process Corner
  Data Path Delay:        1.756ns  (logic 1.277ns (72.751%)  route 0.478ns (27.249%))
  Logic Levels:           1  (OBUF=1)
  Clock Uncertainty:      0.025ns  ((TSJ^2 + TIJ^2)^1/2 + DJ) / 2 + PE
    Total System Jitter     (TSJ):    0.050ns
    Total Input Jitter      (TIJ):    0.000ns
    Discrete Jitter          (DJ):    0.000ns
    Phase Error              (PE):    0.000ns

    Location             Delay type                Incr(ns)  Path(ns)    Netlist Resource(s)
  -------------------------------------------------------------------    -------------------
                         (clock clk rise edge)        0.000     0.000 r  
    N15                                               0.000     0.000 r  clk (IN)
                         net (fo=0)                   0.000     0.000    clk
    N15                  IBUF (Prop_ibuf_I_O)         0.209     0.209 r  clk_IBUF_inst/O
                         net (fo=1, routed)           0.634     0.843    clk_IBUF
    BUFGCTRL_X0Y0        BUFG (Prop_bufg_I_O)         0.026     0.869 r  clk_IBUF_BUFG_inst/O
                         net (fo=91, routed)          0.593     1.461    reg_unit/clk_IBUF_BUFG
    SLICE_X62Y11         FDRE                                         r  reg_unit/data_q_reg[5]/C
  -------------------------------------------------------------------    -------------------
    SLICE_X62Y11         FDRE (Prop_fdre_C_Q)         0.128     1.589 r  reg_unit/data_q_reg[5]/Q
                         net (fo=13, routed)          0.478     2.068    out_OBUF[5]
    T5                   OBUF (Prop_obuf_I_O)         1.149     3.217 r  out_OBUF[5]_inst/O
                         net (fo=0)                   0.000     3.217    out[5]
    T5                                                                r  out[5] (OUT)
  -------------------------------------------------------------------    -------------------

Slack:                    inf
  Source:                 reg_unit/data_q_reg[2]/C
                            (rising edge-triggered cell FDRE clocked by clk  {rise@0.000ns fall@5.000ns period=10.000ns})
  Destination:            out[2]
                            (output port)
  Path Group:             (none)
  Path Type:              Min at Fast Process Corner
  Data Path Delay:        1.757ns  (logic 1.248ns (71.031%)  route 0.509ns (28.969%))
  Logic Levels:           1  (OBUF=1)
  Clock Uncertainty:      0.025ns  ((TSJ^2 + TIJ^2)^1/2 + DJ) / 2 + PE
    Total System Jitter     (TSJ):    0.050ns
    Total Input Jitter      (TIJ):    0.000ns
    Discrete Jitter          (DJ):    0.000ns
    Phase Error              (PE):    0.000ns

    Location             Delay type                Incr(ns)  Path(ns)    Netlist Resource(s)
  -------------------------------------------------------------------    -------------------
                         (clock clk rise edge)        0.000     0.000 r  
    N15                                               0.000     0.000 r  clk (IN)
                         net (fo=0)                   0.000     0.000    clk
    N15                  IBUF (Prop_ibuf_I_O)         0.209     0.209 r  clk_IBUF_inst/O
                         net (fo=1, routed)           0.634     0.843    clk_IBUF
    BUFGCTRL_X0Y0        BUFG (Prop_bufg_I_O)         0.026     0.869 r  clk_IBUF_BUFG_inst/O
                         net (fo=91, routed)          0.593     1.461    reg_unit/clk_IBUF_BUFG
    SLICE_X62Y10         FDRE                                         r  reg_unit/data_q_reg[2]/C
  -------------------------------------------------------------------    -------------------
    SLICE_X62Y10         FDRE (Prop_fdre_C_Q)         0.141     1.602 r  reg_unit/data_q_reg[2]/Q
                         net (fo=10, routed)          0.509     2.111    out_OBUF[2]
    U7                   OBUF (Prop_obuf_I_O)         1.107     3.219 r  out_OBUF[2]_inst/O
                         net (fo=0)                   0.000     3.219    out[2]
    U7                                                                r  out[2] (OUT)
  -------------------------------------------------------------------    -------------------





--------------------------------------------------------------------------------------
Path Group:  (none)
From Clock:  
  To Clock:  clk

Max Delay            18 Endpoints
Min Delay            18 Endpoints
--------------------------------------------------------------------------------------


Max Delay Paths
--------------------------------------------------------------------------------------
Slack:                    inf
  Source:                 sw_i[9]
                            (input port)
  Destination:            sw_sync/data_q_reg[9]/D
                            (rising edge-triggered cell FDRE clocked by clk  {rise@0.000ns fall@5.000ns period=10.000ns})
  Path Group:             (none)
  Path Type:              Setup (Max at Slow Process Corner)
  Data Path Delay:        4.743ns  (logic 1.348ns (28.415%)  route 3.395ns (71.585%))
  Logic Levels:           1  (IBUF=1)
  Clock Path Skew:        4.844ns (DCD - SCD + CPR)
    Destination Clock Delay (DCD):    4.844ns
    Source Clock Delay      (SCD):    0.000ns
    Clock Pessimism Removal (CPR):    0.000ns
  Clock Uncertainty:      0.025ns  ((TSJ^2 + TIJ^2)^1/2 + DJ) / 2 + PE
    Total System Jitter     (TSJ):    0.050ns
    Total Input Jitter      (TIJ):    0.000ns
    Discrete Jitter          (DJ):    0.000ns
    Phase Error              (PE):    0.000ns

    Location             Delay type                Incr(ns)  Path(ns)    Netlist Resource(s)
  -------------------------------------------------------------------    -------------------
    A4                                                0.000     0.000 r  sw_i[9] (IN)
                         net (fo=0)                   0.000     0.000    sw_i[9]
    A4                   IBUF (Prop_ibuf_I_O)         1.348     1.348 r  sw_i_IBUF[9]_inst/O
                         net (fo=1, routed)           3.395     4.743    sw_sync/sw_i_IBUF[9]
    SLICE_X64Y14         FDRE                                         r  sw_sync/data_q_reg[9]/D
  -------------------------------------------------------------------    -------------------

                         (clock clk rise edge)        0.000     0.000 r  
    N15                                               0.000     0.000 r  clk (IN)
                         net (fo=0)                   0.000     0.000    clk
    N15                  IBUF (Prop_ibuf_I_O)         1.370     1.370 r  clk_IBUF_inst/O
                         net (fo=1, routed)           1.868     3.238    clk_IBUF
    BUFGCTRL_X0Y0        BUFG (Prop_bufg_I_O)         0.091     3.329 r  clk_IBUF_BUFG_inst/O
                         net (fo=91, routed)          1.514     4.844    sw_sync/clk_IBUF_BUFG
    SLICE_X64Y14         FDRE                                         r  sw_sync/data_q_reg[9]/C

Slack:                    inf
  Source:                 sw_i[10]
                            (input port)
  Destination:            sw_sync/data_q_reg[10]/D
                            (rising edge-triggered cell FDRE clocked by clk  {rise@0.000ns fall@5.000ns period=10.000ns})
  Path Group:             (none)
  Path Type:              Setup (Max at Slow Process Corner)
  Data Path Delay:        4.562ns  (logic 1.348ns (29.551%)  route 3.214ns (70.449%))
  Logic Levels:           1  (IBUF=1)
  Clock Path Skew:        4.844ns (DCD - SCD + CPR)
    Destination Clock Delay (DCD):    4.844ns
    Source Clock Delay      (SCD):    0.000ns
    Clock Pessimism Removal (CPR):    0.000ns
  Clock Uncertainty:      0.025ns  ((TSJ^2 + TIJ^2)^1/2 + DJ) / 2 + PE
    Total System Jitter     (TSJ):    0.050ns
    Total Input Jitter      (TIJ):    0.000ns
    Discrete Jitter          (DJ):    0.000ns
    Phase Error              (PE):    0.000ns

    Location             Delay type                Incr(ns)  Path(ns)    Netlist Resource(s)
  -------------------------------------------------------------------    -------------------
    A5                                                0.000     0.000 r  sw_i[10] (IN)
                         net (fo=0)                   0.000     0.000    sw_i[10]
    A5                   IBUF (Prop_ibuf_I_O)         1.348     1.348 r  sw_i_IBUF[10]_inst/O
                         net (fo=1, routed)           3.214     4.562    sw_sync/sw_i_IBUF[10]
    SLICE_X64Y14         FDRE                                         r  sw_sync/data_q_reg[10]/D
  -------------------------------------------------------------------    -------------------

                         (clock clk rise edge)        0.000     0.000 r  
    N15                                               0.000     0.000 r  clk (IN)
                         net (fo=0)                   0.000     0.000    clk
    N15                  IBUF (Prop_ibuf_I_O)         1.370     1.370 r  clk_IBUF_inst/O
                         net (fo=1, routed)           1.868     3.238    clk_IBUF
    BUFGCTRL_X0Y0        BUFG (Prop_bufg_I_O)         0.091     3.329 r  clk_IBUF_BUFG_inst/O
                         net (fo=91, routed)          1.514     4.844    sw_sync/clk_IBUF_BUFG
    SLICE_X64Y14         FDRE                                         r  sw_sync/data_q_reg[10]/C

Slack:                    inf
  Source:                 sw_i[8]
                            (input port)
  Destination:            sw_sync/data_q_reg[8]/D
                            (rising edge-triggered cell FDRE clocked by clk  {rise@0.000ns fall@5.000ns period=10.000ns})
  Path Group:             (none)
  Path Type:              Setup (Max at Slow Process Corner)
  Data Path Delay:        4.408ns  (logic 1.338ns (30.364%)  route 3.069ns (69.636%))
  Logic Levels:           1  (IBUF=1)
  Clock Path Skew:        4.844ns (DCD - SCD + CPR)
    Destination Clock Delay (DCD):    4.844ns
    Source Clock Delay      (SCD):    0.000ns
    Clock Pessimism Removal (CPR):    0.000ns
  Clock Uncertainty:      0.025ns  ((TSJ^2 + TIJ^2)^1/2 + DJ) / 2 + PE
    Total System Jitter     (TSJ):    0.050ns
    Total Input Jitter      (TIJ):    0.000ns
    Discrete Jitter          (DJ):    0.000ns
    Phase Error              (PE):    0.000ns

    Location             Delay type                Incr(ns)  Path(ns)    Netlist Resource(s)
  -------------------------------------------------------------------    -------------------
    B2                                                0.000     0.000 r  sw_i[8] (IN)
                         net (fo=0)                   0.000     0.000    sw_i[8]
    B2                   IBUF (Prop_ibuf_I_O)         1.338     1.338 r  sw_i_IBUF[8]_inst/O
                         net (fo=1, routed)           3.069     4.408    sw_sync/sw_i_IBUF[8]
    SLICE_X65Y14         FDRE                                         r  sw_sync/data_q_reg[8]/D
  -------------------------------------------------------------------    -------------------

                         (clock clk rise edge)        0.000     0.000 r  
    N15                                               0.000     0.000 r  clk (IN)
                         net (fo=0)                   0.000     0.000    clk
    N15                  IBUF (Prop_ibuf_I_O)         1.370     1.370 r  clk_IBUF_inst/O
                         net (fo=1, routed)           1.868     3.238    clk_IBUF
    BUFGCTRL_X0Y0        BUFG (Prop_bufg_I_O)         0.091     3.329 r  clk_IBUF_BUFG_inst/O
                         net (fo=91, routed)          1.514     4.844    sw_sync/clk_IBUF_BUFG
    SLICE_X65Y14         FDRE                                         r  sw_sync/data_q_reg[8]/C

Slack:                    inf
  Source:                 sw_i[15]
                            (input port)
  Destination:            sw_sync/data_q_reg[15]/D
                            (rising edge-triggered cell FDRE clocked by clk  {rise@0.000ns fall@5.000ns period=10.000ns})
  Path Group:             (none)
  Path Type:              Setup (Max at Slow Process Corner)
  Data Path Delay:        4.363ns  (logic 1.340ns (30.700%)  route 3.024ns (69.300%))
  Logic Levels:           1  (IBUF=1)
  Clock Path Skew:        4.844ns (DCD - SCD + CPR)
    Destination Clock Delay (DCD):    4.844ns
    Source Clock Delay      (SCD):    0.000ns
    Clock Pessimism Removal (CPR):    0.000ns
  Clock Uncertainty:      0.025ns  ((TSJ^2 + TIJ^2)^1/2 + DJ) / 2 + PE
    Total System Jitter     (TSJ):    0.050ns
    Total Input Jitter      (TIJ):    0.000ns
    Discrete Jitter          (DJ):    0.000ns
    Phase Error              (PE):    0.000ns

    Location             Delay type                Incr(ns)  Path(ns)    Netlist Resource(s)
  -------------------------------------------------------------------    -------------------
    A8                                                0.000     0.000 r  sw_i[15] (IN)
                         net (fo=0)                   0.000     0.000    sw_i[15]
    A8                   IBUF (Prop_ibuf_I_O)         1.340     1.340 r  sw_i_IBUF[15]_inst/O
                         net (fo=1, routed)           3.024     4.363    sw_sync/sw_i_IBUF[15]
    SLICE_X63Y14         FDRE                                         r  sw_sync/data_q_reg[15]/D
  -------------------------------------------------------------------    -------------------

                         (clock clk rise edge)        0.000     0.000 r  
    N15                                               0.000     0.000 r  clk (IN)
                         net (fo=0)                   0.000     0.000    clk
    N15                  IBUF (Prop_ibuf_I_O)         1.370     1.370 r  clk_IBUF_inst/O
                         net (fo=1, routed)           1.868     3.238    clk_IBUF
    BUFGCTRL_X0Y0        BUFG (Prop_bufg_I_O)         0.091     3.329 r  clk_IBUF_BUFG_inst/O
                         net (fo=91, routed)          1.514     4.844    sw_sync/clk_IBUF_BUFG
    SLICE_X63Y14         FDRE                                         r  sw_sync/data_q_reg[15]/C

Slack:                    inf
  Source:                 sw_i[12]
                            (input port)
  Destination:            sw_sync/data_q_reg[12]/D
                            (rising edge-triggered cell FDRE clocked by clk  {rise@0.000ns fall@5.000ns period=10.000ns})
  Path Group:             (none)
  Path Type:              Setup (Max at Slow Process Corner)
  Data Path Delay:        4.296ns  (logic 1.333ns (31.023%)  route 2.963ns (68.977%))
  Logic Levels:           1  (IBUF=1)
  Clock Path Skew:        4.844ns (DCD - SCD + CPR)
    Destination Clock Delay (DCD):    4.844ns
    Source Clock Delay      (SCD):    0.000ns
    Clock Pessimism Removal (CPR):    0.000ns
  Clock Uncertainty:      0.025ns  ((TSJ^2 + TIJ^2)^1/2 + DJ) / 2 + PE
    Total System Jitter     (TSJ):    0.050ns
    Total Input Jitter      (TIJ):    0.000ns
    Discrete Jitter          (DJ):    0.000ns
    Phase Error              (PE):    0.000ns

    Location             Delay type                Incr(ns)  Path(ns)    Netlist Resource(s)
  -------------------------------------------------------------------    -------------------
    C7                                                0.000     0.000 r  sw_i[12] (IN)
                         net (fo=0)                   0.000     0.000    sw_i[12]
    C7                   IBUF (Prop_ibuf_I_O)         1.333     1.333 r  sw_i_IBUF[12]_inst/O
                         net (fo=1, routed)           2.963     4.296    sw_sync/sw_i_IBUF[12]
    SLICE_X64Y14         FDRE                                         r  sw_sync/data_q_reg[12]/D
  -------------------------------------------------------------------    -------------------

                         (clock clk rise edge)        0.000     0.000 r  
    N15                                               0.000     0.000 r  clk (IN)
                         net (fo=0)                   0.000     0.000    clk
    N15                  IBUF (Prop_ibuf_I_O)         1.370     1.370 r  clk_IBUF_inst/O
                         net (fo=1, routed)           1.868     3.238    clk_IBUF
    BUFGCTRL_X0Y0        BUFG (Prop_bufg_I_O)         0.091     3.329 r  clk_IBUF_BUFG_inst/O
                         net (fo=91, routed)          1.514     4.844    sw_sync/clk_IBUF_BUFG
    SLICE_X64Y14         FDRE                                         r  sw_sync/data_q_reg[12]/C

Slack:                    inf
  Source:                 sw_i[7]
                            (input port)
  Destination:            sw_sync/data_q_reg[7]/D
                            (rising edge-triggered cell FDRE clocked by clk  {rise@0.000ns fall@5.000ns period=10.000ns})
  Path Group:             (none)
  Path Type:              Setup (Max at Slow Process Corner)
  Data Path Delay:        4.291ns  (logic 1.336ns (31.138%)  route 2.955ns (68.862%))
  Logic Levels:           1  (IBUF=1)
  Clock Path Skew:        4.844ns (DCD - SCD + CPR)
    Destination Clock Delay (DCD):    4.844ns
    Source Clock Delay      (SCD):    0.000ns
    Clock Pessimism Removal (CPR):    0.000ns
  Clock Uncertainty:      0.025ns  ((TSJ^2 + TIJ^2)^1/2 + DJ) / 2 + PE
    Total System Jitter     (TSJ):    0.050ns
    Total Input Jitter      (TIJ):    0.000ns
    Discrete Jitter          (DJ):    0.000ns
    Phase Error              (PE):    0.000ns

    Location             Delay type                Incr(ns)  Path(ns)    Netlist Resource(s)
  -------------------------------------------------------------------    -------------------
    C2                                                0.000     0.000 r  sw_i[7] (IN)
                         net (fo=0)                   0.000     0.000    sw_i[7]
    C2                   IBUF (Prop_ibuf_I_O)         1.336     1.336 r  sw_i_IBUF[7]_inst/O
                         net (fo=1, routed)           2.955     4.291    sw_sync/sw_i_IBUF[7]
    SLICE_X63Y14         FDRE                                         r  sw_sync/data_q_reg[7]/D
  -------------------------------------------------------------------    -------------------

                         (clock clk rise edge)        0.000     0.000 r  
    N15                                               0.000     0.000 r  clk (IN)
                         net (fo=0)                   0.000     0.000    clk
    N15                  IBUF (Prop_ibuf_I_O)         1.370     1.370 r  clk_IBUF_inst/O
                         net (fo=1, routed)           1.868     3.238    clk_IBUF
    BUFGCTRL_X0Y0        BUFG (Prop_bufg_I_O)         0.091     3.329 r  clk_IBUF_BUFG_inst/O
                         net (fo=91, routed)          1.514     4.844    sw_sync/clk_IBUF_BUFG
    SLICE_X63Y14         FDRE                                         r  sw_sync/data_q_reg[7]/C

Slack:                    inf
  Source:                 sw_i[3]
                            (input port)
  Destination:            sw_sync/data_q_reg[3]/D
                            (rising edge-triggered cell FDRE clocked by clk  {rise@0.000ns fall@5.000ns period=10.000ns})
  Path Group:             (none)
  Path Type:              Setup (Max at Slow Process Corner)
  Data Path Delay:        4.281ns  (logic 1.350ns (31.543%)  route 2.930ns (68.457%))
  Logic Levels:           1  (IBUF=1)
  Clock Path Skew:        4.844ns (DCD - SCD + CPR)
    Destination Clock Delay (DCD):    4.844ns
    Source Clock Delay      (SCD):    0.000ns
    Clock Pessimism Removal (CPR):    0.000ns
  Clock Uncertainty:      0.025ns  ((TSJ^2 + TIJ^2)^1/2 + DJ) / 2 + PE
    Total System Jitter     (TSJ):    0.050ns
    Total Input Jitter      (TIJ):    0.000ns
    Discrete Jitter          (DJ):    0.000ns
    Phase Error              (PE):    0.000ns

    Location             Delay type                Incr(ns)  Path(ns)    Netlist Resource(s)
  -------------------------------------------------------------------    -------------------
    E2                                                0.000     0.000 r  sw_i[3] (IN)
                         net (fo=0)                   0.000     0.000    sw_i[3]
    E2                   IBUF (Prop_ibuf_I_O)         1.350     1.350 r  sw_i_IBUF[3]_inst/O
                         net (fo=1, routed)           2.930     4.281    sw_sync/sw_i_IBUF[3]
    SLICE_X65Y14         FDRE                                         r  sw_sync/data_q_reg[3]/D
  -------------------------------------------------------------------    -------------------

                         (clock clk rise edge)        0.000     0.000 r  
    N15                                               0.000     0.000 r  clk (IN)
                         net (fo=0)                   0.000     0.000    clk
    N15                  IBUF (Prop_ibuf_I_O)         1.370     1.370 r  clk_IBUF_inst/O
                         net (fo=1, routed)           1.868     3.238    clk_IBUF
    BUFGCTRL_X0Y0        BUFG (Prop_bufg_I_O)         0.091     3.329 r  clk_IBUF_BUFG_inst/O
                         net (fo=91, routed)          1.514     4.844    sw_sync/clk_IBUF_BUFG
    SLICE_X65Y14         FDRE                                         r  sw_sync/data_q_reg[3]/C

Slack:                    inf
  Source:                 sw_i[13]
                            (input port)
  Destination:            sw_sync/data_q_reg[13]/D
                            (rising edge-triggered cell FDRE clocked by clk  {rise@0.000ns fall@5.000ns period=10.000ns})
  Path Group:             (none)
  Path Type:              Setup (Max at Slow Process Corner)
  Data Path Delay:        4.268ns  (logic 1.340ns (31.397%)  route 2.928ns (68.603%))
  Logic Levels:           1  (IBUF=1)
  Clock Path Skew:        4.844ns (DCD - SCD + CPR)
    Destination Clock Delay (DCD):    4.844ns
    Source Clock Delay      (SCD):    0.000ns
    Clock Pessimism Removal (CPR):    0.000ns
  Clock Uncertainty:      0.025ns  ((TSJ^2 + TIJ^2)^1/2 + DJ) / 2 + PE
    Total System Jitter     (TSJ):    0.050ns
    Total Input Jitter      (TIJ):    0.000ns
    Discrete Jitter          (DJ):    0.000ns
    Phase Error              (PE):    0.000ns

    Location             Delay type                Incr(ns)  Path(ns)    Netlist Resource(s)
  -------------------------------------------------------------------    -------------------
    A7                                                0.000     0.000 r  sw_i[13] (IN)
                         net (fo=0)                   0.000     0.000    sw_i[13]
    A7                   IBUF (Prop_ibuf_I_O)         1.340     1.340 r  sw_i_IBUF[13]_inst/O
                         net (fo=1, routed)           2.928     4.268    sw_sync/sw_i_IBUF[13]
    SLICE_X65Y14         FDRE                                         r  sw_sync/data_q_reg[13]/D
  -------------------------------------------------------------------    -------------------

                         (clock clk rise edge)        0.000     0.000 r  
    N15                                               0.000     0.000 r  clk (IN)
                         net (fo=0)                   0.000     0.000    clk
    N15                  IBUF (Prop_ibuf_I_O)         1.370     1.370 r  clk_IBUF_inst/O
                         net (fo=1, routed)           1.868     3.238    clk_IBUF
    BUFGCTRL_X0Y0        BUFG (Prop_bufg_I_O)         0.091     3.329 r  clk_IBUF_BUFG_inst/O
                         net (fo=91, routed)          1.514     4.844    sw_sync/clk_IBUF_BUFG
    SLICE_X65Y14         FDRE                                         r  sw_sync/data_q_reg[13]/C

Slack:                    inf
  Source:                 sw_i[14]
                            (input port)
  Destination:            sw_sync/data_q_reg[14]/D
                            (rising edge-triggered cell FDRE clocked by clk  {rise@0.000ns fall@5.000ns period=10.000ns})
  Path Group:             (none)
  Path Type:              Setup (Max at Slow Process Corner)
  Data Path Delay:        4.159ns  (logic 1.345ns (32.340%)  route 2.814ns (67.660%))
  Logic Levels:           1  (IBUF=1)
  Clock Path Skew:        4.844ns (DCD - SCD + CPR)
    Destination Clock Delay (DCD):    4.844ns
    Source Clock Delay      (SCD):    0.000ns
    Clock Pessimism Removal (CPR):    0.000ns
  Clock Uncertainty:      0.025ns  ((TSJ^2 + TIJ^2)^1/2 + DJ) / 2 + PE
    Total System Jitter     (TSJ):    0.050ns
    Total Input Jitter      (TIJ):    0.000ns
    Discrete Jitter          (DJ):    0.000ns
    Phase Error              (PE):    0.000ns

    Location             Delay type                Incr(ns)  Path(ns)    Netlist Resource(s)
  -------------------------------------------------------------------    -------------------
    B7                                                0.000     0.000 r  sw_i[14] (IN)
                         net (fo=0)                   0.000     0.000    sw_i[14]
    B7                   IBUF (Prop_ibuf_I_O)         1.345     1.345 r  sw_i_IBUF[14]_inst/O
                         net (fo=1, routed)           2.814     4.159    sw_sync/sw_i_IBUF[14]
    SLICE_X63Y14         FDRE                                         r  sw_sync/data_q_reg[14]/D
  -------------------------------------------------------------------    -------------------

                         (clock clk rise edge)        0.000     0.000 r  
    N15                                               0.000     0.000 r  clk (IN)
                         net (fo=0)                   0.000     0.000    clk
    N15                  IBUF (Prop_ibuf_I_O)         1.370     1.370 r  clk_IBUF_inst/O
                         net (fo=1, routed)           1.868     3.238    clk_IBUF
    BUFGCTRL_X0Y0        BUFG (Prop_bufg_I_O)         0.091     3.329 r  clk_IBUF_BUFG_inst/O
                         net (fo=91, routed)          1.514     4.844    sw_sync/clk_IBUF_BUFG
    SLICE_X63Y14         FDRE                                         r  sw_sync/data_q_reg[14]/C

Slack:                    inf
  Source:                 sw_i[11]
                            (input port)
  Destination:            sw_sync/data_q_reg[11]/D
                            (rising edge-triggered cell FDRE clocked by clk  {rise@0.000ns fall@5.000ns period=10.000ns})
  Path Group:             (none)
  Path Type:              Setup (Max at Slow Process Corner)
  Data Path Delay:        4.154ns  (logic 1.343ns (32.341%)  route 2.811ns (67.659%))
  Logic Levels:           1  (IBUF=1)
  Clock Path Skew:        4.844ns (DCD - SCD + CPR)
    Destination Clock Delay (DCD):    4.844ns
    Source Clock Delay      (SCD):    0.000ns
    Clock Pessimism Removal (CPR):    0.000ns
  Clock Uncertainty:      0.025ns  ((TSJ^2 + TIJ^2)^1/2 + DJ) / 2 + PE
    Total System Jitter     (TSJ):    0.050ns
    Total Input Jitter      (TIJ):    0.000ns
    Discrete Jitter          (DJ):    0.000ns
    Phase Error              (PE):    0.000ns

    Location             Delay type                Incr(ns)  Path(ns)    Netlist Resource(s)
  -------------------------------------------------------------------    -------------------
    A6                                                0.000     0.000 r  sw_i[11] (IN)
                         net (fo=0)                   0.000     0.000    sw_i[11]
    A6                   IBUF (Prop_ibuf_I_O)         1.343     1.343 r  sw_i_IBUF[11]_inst/O
                         net (fo=1, routed)           2.811     4.154    sw_sync/sw_i_IBUF[11]
    SLICE_X64Y14         FDRE                                         r  sw_sync/data_q_reg[11]/D
  -------------------------------------------------------------------    -------------------

                         (clock clk rise edge)        0.000     0.000 r  
    N15                                               0.000     0.000 r  clk (IN)
                         net (fo=0)                   0.000     0.000    clk
    N15                  IBUF (Prop_ibuf_I_O)         1.370     1.370 r  clk_IBUF_inst/O
                         net (fo=1, routed)           1.868     3.238    clk_IBUF
    BUFGCTRL_X0Y0        BUFG (Prop_bufg_I_O)         0.091     3.329 r  clk_IBUF_BUFG_inst/O
                         net (fo=91, routed)          1.514     4.844    sw_sync/clk_IBUF_BUFG
    SLICE_X64Y14         FDRE                                         r  sw_sync/data_q_reg[11]/C





Min Delay Paths
--------------------------------------------------------------------------------------
Slack:                    inf
  Source:                 sw_i[1]
                            (input port)
  Destination:            sw_sync/data_q_reg[1]/D
                            (rising edge-triggered cell FDRE clocked by clk  {rise@0.000ns fall@5.000ns period=10.000ns})
  Path Group:             (none)
  Path Type:              Hold (Min at Fast Process Corner)
  Data Path Delay:        1.246ns  (logic 0.404ns (32.420%)  route 0.842ns (67.580%))
  Logic Levels:           1  (IBUF=1)
  Clock Path Skew:        1.974ns (DCD - SCD - CPR)
    Destination Clock Delay (DCD):    1.974ns
    Source Clock Delay      (SCD):    0.000ns
    Clock Pessimism Removal (CPR):    -0.000ns

    Location             Delay type                Incr(ns)  Path(ns)    Netlist Resource(s)
  -------------------------------------------------------------------    -------------------
    F2                                                0.000     0.000 r  sw_i[1] (IN)
                         net (fo=0)                   0.000     0.000    sw_i[1]
    F2                   IBUF (Prop_ibuf_I_O)         0.404     0.404 r  sw_i_IBUF[1]_inst/O
                         net (fo=1, routed)           0.842     1.246    sw_sync/sw_i_IBUF[1]
    SLICE_X63Y14         FDRE                                         r  sw_sync/data_q_reg[1]/D
  -------------------------------------------------------------------    -------------------

                         (clock clk rise edge)        0.000     0.000 r  
    N15                                               0.000     0.000 r  clk (IN)
                         net (fo=0)                   0.000     0.000    clk
    N15                  IBUF (Prop_ibuf_I_O)         0.396     0.396 r  clk_IBUF_inst/O
                         net (fo=1, routed)           0.689     1.085    clk_IBUF
    BUFGCTRL_X0Y0        BUFG (Prop_bufg_I_O)         0.029     1.114 r  clk_IBUF_BUFG_inst/O
                         net (fo=91, routed)          0.861     1.974    sw_sync/clk_IBUF_BUFG
    SLICE_X63Y14         FDRE                                         r  sw_sync/data_q_reg[1]/C

Slack:                    inf
  Source:                 run_i
                            (input port)
  Destination:            button_sync[0]/ff1_reg/D
                            (rising edge-triggered cell FDRE clocked by clk  {rise@0.000ns fall@5.000ns period=10.000ns})
  Path Group:             (none)
  Path Type:              Hold (Min at Fast Process Corner)
  Data Path Delay:        1.283ns  (logic 0.394ns (30.668%)  route 0.890ns (69.332%))
  Logic Levels:           1  (IBUF=1)
  Clock Path Skew:        1.967ns (DCD - SCD - CPR)
    Destination Clock Delay (DCD):    1.967ns
    Source Clock Delay      (SCD):    0.000ns
    Clock Pessimism Removal (CPR):    -0.000ns

    Location             Delay type                Incr(ns)  Path(ns)    Netlist Resource(s)
  -------------------------------------------------------------------    -------------------
    J2                                                0.000     0.000 r  run_i (IN)
                         net (fo=0)                   0.000     0.000    run_i
    J2                   IBUF (Prop_ibuf_I_O)         0.394     0.394 r  run_i_IBUF_inst/O
                         net (fo=1, routed)           0.890     1.283    button_sync[0]/run_i_IBUF
    SLICE_X60Y19         FDRE                                         r  button_sync[0]/ff1_reg/D
  -------------------------------------------------------------------    -------------------

                         (clock clk rise edge)        0.000     0.000 r  
    N15                                               0.000     0.000 r  clk (IN)
                         net (fo=0)                   0.000     0.000    clk
    N15                  IBUF (Prop_ibuf_I_O)         0.396     0.396 r  clk_IBUF_inst/O
                         net (fo=1, routed)           0.689     1.085    clk_IBUF
    BUFGCTRL_X0Y0        BUFG (Prop_bufg_I_O)         0.029     1.114 r  clk_IBUF_BUFG_inst/O
                         net (fo=91, routed)          0.854     1.967    button_sync[0]/clk_IBUF_BUFG
    SLICE_X60Y19         FDRE                                         r  button_sync[0]/ff1_reg/C

Slack:                    inf
  Source:                 sw_i[5]
                            (input port)
  Destination:            sw_sync/data_q_reg[5]/D
                            (rising edge-triggered cell FDRE clocked by clk  {rise@0.000ns fall@5.000ns period=10.000ns})
  Path Group:             (none)
  Path Type:              Hold (Min at Fast Process Corner)
  Data Path Delay:        1.319ns  (logic 0.426ns (32.320%)  route 0.892ns (67.680%))
  Logic Levels:           1  (IBUF=1)
  Clock Path Skew:        1.973ns (DCD - SCD - CPR)
    Destination Clock Delay (DCD):    1.973ns
    Source Clock Delay      (SCD):    0.000ns
    Clock Pessimism Removal (CPR):    -0.000ns

    Location             Delay type                Incr(ns)  Path(ns)    Netlist Resource(s)
  -------------------------------------------------------------------    -------------------
    D2                                                0.000     0.000 r  sw_i[5] (IN)
                         net (fo=0)                   0.000     0.000    sw_i[5]
    D2                   IBUF (Prop_ibuf_I_O)         0.426     0.426 r  sw_i_IBUF[5]_inst/O
                         net (fo=1, routed)           0.892     1.319    sw_sync/sw_i_IBUF[5]
    SLICE_X65Y15         FDRE                                         r  sw_sync/data_q_reg[5]/D
  -------------------------------------------------------------------    -------------------

                         (clock clk rise edge)        0.000     0.000 r  
    N15                                               0.000     0.000 r  clk (IN)
                         net (fo=0)                   0.000     0.000    clk
    N15                  IBUF (Prop_ibuf_I_O)         0.396     0.396 r  clk_IBUF_inst/O
                         net (fo=1, routed)           0.689     1.085    clk_IBUF
    BUFGCTRL_X0Y0        BUFG (Prop_bufg_I_O)         0.029     1.114 r  clk_IBUF_BUFG_inst/O
                         net (fo=91, routed)          0.860     1.973    sw_sync/clk_IBUF_BUFG
    SLICE_X65Y15         FDRE                                         r  sw_sync/data_q_reg[5]/C

Slack:                    inf
  Source:                 sw_i[4]
                            (input port)
  Destination:            sw_sync/data_q_reg[4]/D
                            (rising edge-triggered cell FDRE clocked by clk  {rise@0.000ns fall@5.000ns period=10.000ns})
  Path Group:             (none)
  Path Type:              Hold (Min at Fast Process Corner)
  Data Path Delay:        1.324ns  (logic 0.402ns (30.337%)  route 0.922ns (69.663%))
  Logic Levels:           1  (IBUF=1)
  Clock Path Skew:        1.973ns (DCD - SCD - CPR)
    Destination Clock Delay (DCD):    1.973ns
    Source Clock Delay      (SCD):    0.000ns
    Clock Pessimism Removal (CPR):    -0.000ns

    Location             Delay type                Incr(ns)  Path(ns)    Netlist Resource(s)
  -------------------------------------------------------------------    -------------------
    E1                                                0.000     0.000 r  sw_i[4] (IN)
                         net (fo=0)                   0.000     0.000    sw_i[4]
    E1                   IBUF (Prop_ibuf_I_O)         0.402     0.402 r  sw_i_IBUF[4]_inst/O
                         net (fo=1, routed)           0.922     1.324    sw_sync/sw_i_IBUF[4]
    SLICE_X63Y15         FDRE                                         r  sw_sync/data_q_reg[4]/D
  -------------------------------------------------------------------    -------------------

                         (clock clk rise edge)        0.000     0.000 r  
    N15                                               0.000     0.000 r  clk (IN)
                         net (fo=0)                   0.000     0.000    clk
    N15                  IBUF (Prop_ibuf_I_O)         0.396     0.396 r  clk_IBUF_inst/O
                         net (fo=1, routed)           0.689     1.085    clk_IBUF
    BUFGCTRL_X0Y0        BUFG (Prop_bufg_I_O)         0.029     1.114 r  clk_IBUF_BUFG_inst/O
                         net (fo=91, routed)          0.860     1.973    sw_sync/clk_IBUF_BUFG
    SLICE_X63Y15         FDRE                                         r  sw_sync/data_q_reg[4]/C

Slack:                    inf
  Source:                 sw_i[2]
                            (input port)
  Destination:            sw_sync/data_q_reg[2]/D
                            (rising edge-triggered cell FDRE clocked by clk  {rise@0.000ns fall@5.000ns period=10.000ns})
  Path Group:             (none)
  Path Type:              Hold (Min at Fast Process Corner)
  Data Path Delay:        1.359ns  (logic 0.405ns (29.785%)  route 0.954ns (70.215%))
  Logic Levels:           1  (IBUF=1)
  Clock Path Skew:        1.974ns (DCD - SCD - CPR)
    Destination Clock Delay (DCD):    1.974ns
    Source Clock Delay      (SCD):    0.000ns
    Clock Pessimism Removal (CPR):    -0.000ns

    Location             Delay type                Incr(ns)  Path(ns)    Netlist Resource(s)
  -------------------------------------------------------------------    -------------------
    F1                                                0.000     0.000 r  sw_i[2] (IN)
                         net (fo=0)                   0.000     0.000    sw_i[2]
    F1                   IBUF (Prop_ibuf_I_O)         0.405     0.405 r  sw_i_IBUF[2]_inst/O
                         net (fo=1, routed)           0.954     1.359    sw_sync/sw_i_IBUF[2]
    SLICE_X65Y14         FDRE                                         r  sw_sync/data_q_reg[2]/D
  -------------------------------------------------------------------    -------------------

                         (clock clk rise edge)        0.000     0.000 r  
    N15                                               0.000     0.000 r  clk (IN)
                         net (fo=0)                   0.000     0.000    clk
    N15                  IBUF (Prop_ibuf_I_O)         0.396     0.396 r  clk_IBUF_inst/O
                         net (fo=1, routed)           0.689     1.085    clk_IBUF
    BUFGCTRL_X0Y0        BUFG (Prop_bufg_I_O)         0.029     1.114 r  clk_IBUF_BUFG_inst/O
                         net (fo=91, routed)          0.861     1.974    sw_sync/clk_IBUF_BUFG
    SLICE_X65Y14         FDRE                                         r  sw_sync/data_q_reg[2]/C

Slack:                    inf
  Source:                 sw_i[6]
                            (input port)
  Destination:            sw_sync/data_q_reg[6]/D
                            (rising edge-triggered cell FDRE clocked by clk  {rise@0.000ns fall@5.000ns period=10.000ns})
  Path Group:             (none)
  Path Type:              Hold (Min at Fast Process Corner)
  Data Path Delay:        1.380ns  (logic 0.403ns (29.163%)  route 0.978ns (70.837%))
  Logic Levels:           1  (IBUF=1)
  Clock Path Skew:        1.973ns (DCD - SCD - CPR)
    Destination Clock Delay (DCD):    1.973ns
    Source Clock Delay      (SCD):    0.000ns
    Clock Pessimism Removal (CPR):    -0.000ns

    Location             Delay type                Incr(ns)  Path(ns)    Netlist Resource(s)
  -------------------------------------------------------------------    -------------------
    D1                                                0.000     0.000 r  sw_i[6] (IN)
                         net (fo=0)                   0.000     0.000    sw_i[6]
    D1                   IBUF (Prop_ibuf_I_O)         0.403     0.403 r  sw_i_IBUF[6]_inst/O
                         net (fo=1, routed)           0.978     1.380    sw_sync/sw_i_IBUF[6]
    SLICE_X63Y15         FDRE                                         r  sw_sync/data_q_reg[6]/D
  -------------------------------------------------------------------    -------------------

                         (clock clk rise edge)        0.000     0.000 r  
    N15                                               0.000     0.000 r  clk (IN)
                         net (fo=0)                   0.000     0.000    clk
    N15                  IBUF (Prop_ibuf_I_O)         0.396     0.396 r  clk_IBUF_inst/O
                         net (fo=1, routed)           0.689     1.085    clk_IBUF
    BUFGCTRL_X0Y0        BUFG (Prop_bufg_I_O)         0.029     1.114 r  clk_IBUF_BUFG_inst/O
                         net (fo=91, routed)          0.860     1.973    sw_sync/clk_IBUF_BUFG
    SLICE_X63Y15         FDRE                                         r  sw_sync/data_q_reg[6]/C

Slack:                    inf
  Source:                 reset
                            (input port)
  Destination:            button_sync[1]/ff1_reg/D
                            (rising edge-triggered cell FDRE clocked by clk  {rise@0.000ns fall@5.000ns period=10.000ns})
  Path Group:             (none)
  Path Type:              Hold (Min at Fast Process Corner)
  Data Path Delay:        1.402ns  (logic 0.399ns (28.422%)  route 1.004ns (71.578%))
  Logic Levels:           1  (IBUF=1)
  Clock Path Skew:        1.976ns (DCD - SCD - CPR)
    Destination Clock Delay (DCD):    1.976ns
    Source Clock Delay      (SCD):    0.000ns
    Clock Pessimism Removal (CPR):    -0.000ns

    Location             Delay type                Incr(ns)  Path(ns)    Netlist Resource(s)
  -------------------------------------------------------------------    -------------------
    J1                                                0.000     0.000 r  reset (IN)
                         net (fo=0)                   0.000     0.000    reset
    J1                   IBUF (Prop_ibuf_I_O)         0.399     0.399 r  reset_IBUF_inst/O
                         net (fo=1, routed)           1.004     1.402    button_sync[1]/reset_IBUF
    SLICE_X61Y7          FDRE                                         r  button_sync[1]/ff1_reg/D
  -------------------------------------------------------------------    -------------------

                         (clock clk rise edge)        0.000     0.000 r  
    N15                                               0.000     0.000 r  clk (IN)
                         net (fo=0)                   0.000     0.000    clk
    N15                  IBUF (Prop_ibuf_I_O)         0.396     0.396 r  clk_IBUF_inst/O
                         net (fo=1, routed)           0.689     1.085    clk_IBUF
    BUFGCTRL_X0Y0        BUFG (Prop_bufg_I_O)         0.029     1.114 r  clk_IBUF_BUFG_inst/O
                         net (fo=91, routed)          0.863     1.976    button_sync[1]/clk_IBUF_BUFG
    SLICE_X61Y7          FDRE                                         r  button_sync[1]/ff1_reg/C

Slack:                    inf
  Source:                 sw_i[0]
                            (input port)
  Destination:            sw_sync/data_q_reg[0]/D
                            (rising edge-triggered cell FDRE clocked by clk  {rise@0.000ns fall@5.000ns period=10.000ns})
  Path Group:             (none)
  Path Type:              Hold (Min at Fast Process Corner)
  Data Path Delay:        1.416ns  (logic 0.402ns (28.420%)  route 1.013ns (71.580%))
  Logic Levels:           1  (IBUF=1)
  Clock Path Skew:        1.974ns (DCD - SCD - CPR)
    Destination Clock Delay (DCD):    1.974ns
    Source Clock Delay      (SCD):    0.000ns
    Clock Pessimism Removal (CPR):    -0.000ns

    Location             Delay type                Incr(ns)  Path(ns)    Netlist Resource(s)
  -------------------------------------------------------------------    -------------------
    G1                                                0.000     0.000 r  sw_i[0] (IN)
                         net (fo=0)                   0.000     0.000    sw_i[0]
    G1                   IBUF (Prop_ibuf_I_O)         0.402     0.402 r  sw_i_IBUF[0]_inst/O
                         net (fo=1, routed)           1.013     1.416    sw_sync/sw_i_IBUF[0]
    SLICE_X63Y14         FDRE                                         r  sw_sync/data_q_reg[0]/D
  -------------------------------------------------------------------    -------------------

                         (clock clk rise edge)        0.000     0.000 r  
    N15                                               0.000     0.000 r  clk (IN)
                         net (fo=0)                   0.000     0.000    clk
    N15                  IBUF (Prop_ibuf_I_O)         0.396     0.396 r  clk_IBUF_inst/O
                         net (fo=1, routed)           0.689     1.085    clk_IBUF
    BUFGCTRL_X0Y0        BUFG (Prop_bufg_I_O)         0.029     1.114 r  clk_IBUF_BUFG_inst/O
                         net (fo=91, routed)          0.861     1.974    sw_sync/clk_IBUF_BUFG
    SLICE_X63Y14         FDRE                                         r  sw_sync/data_q_reg[0]/C

Slack:                    inf
  Source:                 sw_i[11]
                            (input port)
  Destination:            sw_sync/data_q_reg[11]/D
                            (rising edge-triggered cell FDRE clocked by clk  {rise@0.000ns fall@5.000ns period=10.000ns})
  Path Group:             (none)
  Path Type:              Hold (Min at Fast Process Corner)
  Data Path Delay:        1.511ns  (logic 0.420ns (27.816%)  route 1.091ns (72.184%))
  Logic Levels:           1  (IBUF=1)
  Clock Path Skew:        1.974ns (DCD - SCD - CPR)
    Destination Clock Delay (DCD):    1.974ns
    Source Clock Delay      (SCD):    0.000ns
    Clock Pessimism Removal (CPR):    -0.000ns

    Location             Delay type                Incr(ns)  Path(ns)    Netlist Resource(s)
  -------------------------------------------------------------------    -------------------
    A6                                                0.000     0.000 r  sw_i[11] (IN)
                         net (fo=0)                   0.000     0.000    sw_i[11]
    A6                   IBUF (Prop_ibuf_I_O)         0.420     0.420 r  sw_i_IBUF[11]_inst/O
                         net (fo=1, routed)           1.091     1.511    sw_sync/sw_i_IBUF[11]
    SLICE_X64Y14         FDRE                                         r  sw_sync/data_q_reg[11]/D
  -------------------------------------------------------------------    -------------------

                         (clock clk rise edge)        0.000     0.000 r  
    N15                                               0.000     0.000 r  clk (IN)
                         net (fo=0)                   0.000     0.000    clk
    N15                  IBUF (Prop_ibuf_I_O)         0.396     0.396 r  clk_IBUF_inst/O
                         net (fo=1, routed)           0.689     1.085    clk_IBUF
    BUFGCTRL_X0Y0        BUFG (Prop_bufg_I_O)         0.029     1.114 r  clk_IBUF_BUFG_inst/O
                         net (fo=91, routed)          0.861     1.974    sw_sync/clk_IBUF_BUFG
    SLICE_X64Y14         FDRE                                         r  sw_sync/data_q_reg[11]/C

Slack:                    inf
  Source:                 sw_i[14]
                            (input port)
  Destination:            sw_sync/data_q_reg[14]/D
                            (rising edge-triggered cell FDRE clocked by clk  {rise@0.000ns fall@5.000ns period=10.000ns})
  Path Group:             (none)
  Path Type:              Hold (Min at Fast Process Corner)
  Data Path Delay:        1.523ns  (logic 0.422ns (27.701%)  route 1.101ns (72.299%))
  Logic Levels:           1  (IBUF=1)
  Clock Path Skew:        1.974ns (DCD - SCD - CPR)
    Destination Clock Delay (DCD):    1.974ns
    Source Clock Delay      (SCD):    0.000ns
    Clock Pessimism Removal (CPR):    -0.000ns

    Location             Delay type                Incr(ns)  Path(ns)    Netlist Resource(s)
  -------------------------------------------------------------------    -------------------
    B7                                                0.000     0.000 r  sw_i[14] (IN)
                         net (fo=0)                   0.000     0.000    sw_i[14]
    B7                   IBUF (Prop_ibuf_I_O)         0.422     0.422 r  sw_i_IBUF[14]_inst/O
                         net (fo=1, routed)           1.101     1.523    sw_sync/sw_i_IBUF[14]
    SLICE_X63Y14         FDRE                                         r  sw_sync/data_q_reg[14]/D
  -------------------------------------------------------------------    -------------------

                         (clock clk rise edge)        0.000     0.000 r  
    N15                                               0.000     0.000 r  clk (IN)
                         net (fo=0)                   0.000     0.000    clk
    N15                  IBUF (Prop_ibuf_I_O)         0.396     0.396 r  clk_IBUF_inst/O
                         net (fo=1, routed)           0.689     1.085    clk_IBUF
    BUFGCTRL_X0Y0        BUFG (Prop_bufg_I_O)         0.029     1.114 r  clk_IBUF_BUFG_inst/O
                         net (fo=91, routed)          0.861     1.974    sw_sync/clk_IBUF_BUFG
    SLICE_X63Y14         FDRE                                         r  sw_sync/data_q_reg[14]/C





